Weakness_Half_Body,Speech_Difficulty,Blurred_Vision,Sudden_Headache,Dizziness_Vertigo,Blood_Sugar,Cholesterol,Stress_Management,Systolic_BP,Diastolic_BP,BMI,CT_Infarction,CT_Hemorrhage,Has_Diabetes,Has_Dyslipidemia,Has_Hypertension,Stroke_Type
0,1,0,0,1,0.626213592,0.659836066,1,0.222972973,0.226993865,0.624242424,1,0,1,0,0,Ischemic
0,0,0,0,0,0.048543689,0.463114754,1,0.175675676,0.226993865,0.012121212,0,0,1,1,0,No_Stroke
1,0,1,1,1,0.189320388,0.368852459,1,0.574324324,0.625766871,0.763636364,0,1,1,0,1,Hemorrhagic
1,1,0,0,0,0.237864078,0.331967213,0,0.310810811,0.417177914,0.739393939,1,0,1,1,1,Ischemic
1,0,1,0,1,0.461165049,0.594262295,1,0.628378378,0.63190184,0.83030303,1,0,0,1,1,Ischemic
1,1,1,0,0,0.626213592,0.491803279,1,0.337837838,0.349693252,0.842424242,1,0,1,0,1,Ischemic
1,0,0,1,0,0.27184466,0.110655738,1,0.581081081,0.687116564,0.563636364,1,0,0,0,1,Ischemic
1,1,1,1,0,0,0.463114754,0,0.378378378,0.343558282,0.781818182,0,1,1,0,1,Hemorrhagic
0,1,0,1,0,0.305825243,0.487704918,0,0.121621622,0.226993865,0.490909091,1,0,1,1,0,Ischemic
1,1,0,1,0,0.373786408,0.516393443,0,0.385135135,0.349693252,0.951515152,0,1,1,0,1,Hemorrhagic
1,1,1,0,0,0.490291262,0.31147541,0,0.493243243,0.460122699,0.187878788,1,0,0,0,1,Ischemic
1,0,0,0,1,0.300970874,0,0,0.574324324,0.533742331,0.915151515,0,0,1,0,1,No_Stroke
0,0,1,1,1,0.199029126,0.401639344,1,0.432432432,0.503067485,0.260606061,0,1,0,1,1,Hemorrhagic
1,1,1,0,1,0.13592233,0.536885246,0,0.27027027,0.392638037,0.103030303,1,0,1,1,1,Ischemic
0,0,0,0,1,0.485436893,0.213114754,0,0.175675676,0.325153374,0.436363636,1,0,1,0,1,Ischemic
1,1,1,0,1,0.223300971,0.327868852,0,0.087837838,0.208588957,0.612121212,1,0,1,0,0,Ischemic
1,0,0,0,1,0.810679612,0.942622951,1,0.432432432,0.484662577,0.23030303,1,0,1,0,1,Ischemic
1,1,0,0,1,0.495145631,0.43852459,0,0.364864865,0.460122699,0.557575758,1,0,0,0,1,Ischemic
0,1,1,0,0,0.27184466,0.610655738,0,0.337837838,0.343558282,0.806060606,1,0,1,0,1,Ischemic
1,1,1,0,0,0.266990291,0.381147541,1,0.141891892,0.26993865,0.254545455,1,0,0,1,0,Ischemic
1,0,0,0,0,0.368932039,0.147540984,1,0.554054054,0.674846626,0.581818182,1,0,0,1,1,Ischemic
1,1,0,0,1,0.339805825,0.463114754,0,0.263513514,0.26993865,0.339393939,1,0,1,1,0,Ischemic
1,1,1,0,1,0.601941748,0.446721311,0,0.405405405,0.539877301,0.527272727,1,0,0,1,1,Ischemic
1,1,1,0,0,0.422330097,0.426229508,0,0.135135135,0.251533742,0.666666667,1,0,1,0,0,Ischemic
0,1,1,1,0,0.242718447,0.471311475,1,0.310810811,0.392638037,0.351515152,1,0,1,0,1,Ischemic
1,1,0,1,1,0.514563107,0.397540984,0,0.574324324,0.588957055,0.993939394,0,1,1,0,1,Hemorrhagic
1,0,0,0,0,0.393203883,0.463114754,1,0.378378378,0.374233129,0.563636364,1,0,1,1,1,Ischemic
0,1,0,0,1,0.533980583,0.282786885,0,0.358108108,0.441717791,0.824242424,1,0,0,0,1,Ischemic
1,0,1,0,1,0.266990291,0.569672131,1,0.398648649,0.466257669,0.727272727,1,0,1,1,1,Ischemic
1,0,0,0,1,0.45631068,0.172131148,0,0.182432432,0.220858896,0.854545455,1,0,0,1,0,Ischemic
1,0,0,1,1,0.446601942,0.151639344,0,0.358108108,0.36196319,0.175757576,1,0,1,0,1,Ischemic
1,0,1,0,1,0.019417476,0.610655738,1,0.351351351,0.398773006,0.224242424,1,0,0,1,1,Ischemic
1,0,0,0,0,0.776699029,0.573770492,0,0.364864865,0.478527607,0.484848485,1,0,0,0,1,Ischemic
0,0,1,0,0,0.427184466,0.360655738,0,0.344594595,0.392638037,0.854545455,0,0,1,0,1,No_Stroke
0,1,0,0,0,0.184466019,0.196721311,1,0.162162162,0.17791411,0.2,0,0,1,0,0,No_Stroke
0,1,1,1,0,0.077669903,0.278688525,1,0.358108108,0.429447853,0.96969697,0,1,0,0,1,Hemorrhagic
1,1,0,1,0,0.451456311,0.446721311,0,0.033783784,0.171779141,0.127272727,1,0,1,1,0,Ischemic
1,1,0,0,0,0.402912621,0.229508197,1,0.445945946,0.398773006,0.175757576,1,0,1,1,1,Ischemic
1,0,1,0,0,0.45631068,0.368852459,1,0.445945946,0.552147239,0.16969697,1,0,0,0,1,Ischemic
1,1,1,0,1,0.422330097,0.598360656,1,0.445945946,0.576687117,0.587878788,1,0,1,0,1,Ischemic
1,1,1,0,1,0.485436893,0.725409836,1,0.378378378,0.404907975,0.915151515,1,0,0,0,1,Ischemic
1,0,0,0,0,0.665048544,0.422131148,1,0.047297297,0.159509202,0.254545455,1,0,1,1,0,Ischemic
0,1,1,0,0,0.495145631,0.614754098,0,0.195945946,0.202453988,0.551515152,1,0,1,0,0,Ischemic
0,0,0,0,1,0.087378641,0.131147541,1,0.358108108,0.417177914,0.175757576,0,0,1,0,1,No_Stroke
1,1,1,0,0,0.650485437,0.598360656,0,0.351351351,0.343558282,0.63030303,1,0,1,0,1,Ischemic
1,1,1,0,0,0.703883495,0.356557377,0,0.304054054,0.325153374,0.121212121,1,0,1,0,1,Ischemic
0,0,1,1,1,1,0.540983607,1,0.385135135,0.509202454,0.490909091,1,0,1,1,1,Ischemic
1,0,1,0,1,0.169902913,0.450819672,0,0.337837838,0.447852761,0.654545455,1,0,1,1,1,Ischemic
1,1,0,0,0,0.432038835,0.704918033,1,0.351351351,0.466257669,0.581818182,1,0,0,1,1,Ischemic
1,1,0,0,0,0,0.348360656,1,0.25,0.300613497,0.139393939,1,0,0,1,1,Ischemic
0,0,0,0,0,0.32038835,0.442622951,1,0.466216216,0.490797546,0.163636364,0,0,0,1,1,No_Stroke
0,1,0,1,1,0.160194175,0.331967213,0,0.47972973,0.539877301,0.672727273,0,1,0,0,1,Hemorrhagic
0,0,0,0,0,0.519417476,0.348360656,0,0.155405405,0.288343558,0.806060606,0,0,0,0,0,No_Stroke
0,1,0,1,0,0.126213592,0.344262295,1,0.432432432,0.386503067,0.909090909,0,1,1,0,1,Hemorrhagic
1,1,0,0,1,0.058252427,0.352459016,1,0.290540541,0.386503067,0.812121212,1,0,1,1,1,Ischemic
0,0,0,0,1,0.169902913,0.364754098,0,0.466216216,0.527607362,0.975757576,0,0,1,1,1,No_Stroke
0,0,1,0,0,0,0.479508197,0,0.331081081,0.355828221,0.406060606,1,0,0,0,1,Ischemic
1,0,1,1,0,0.533980583,0.528688525,1,0.310810811,0.404907975,0.333333333,1,0,1,0,1,Ischemic
1,0,0,0,1,0,0.504098361,0,0.168918919,0.312883436,0.03030303,1,0,1,0,1,Ischemic
1,0,1,0,0,0.393203883,0.618852459,1,0.439189189,0.570552147,0.448484848,1,0,1,1,1,Ischemic
1,1,0,0,0,0,0.639344262,1,0.243243243,0.263803681,0.648484848,1,0,1,1,0,Ischemic
1,0,0,0,1,0.325242718,0.31557377,1,0.317567568,0.374233129,0.818181818,1,0,1,0,1,Ischemic
1,1,0,1,1,0.480582524,0.475409836,0,0.736486486,0.785276074,0.266666667,0,1,1,1,1,Hemorrhagic
1,1,0,1,1,0.45631068,0.295081967,0,0.405405405,0.460122699,0.515151515,1,0,1,1,1,Ischemic
1,1,1,1,1,0.218446602,0.586065574,0,0.114864865,0.239263804,0.660606061,1,0,0,0,0,Ischemic
1,1,1,0,1,0.378640777,0.590163934,1,0.094594595,0.239263804,0.551515152,1,0,1,0,0,Ischemic
0,0,0,1,0,0.388349515,0.176229508,1,0.324324324,0.312883436,0.272727273,1,0,0,1,1,Ischemic
0,1,0,1,1,0.310679612,0.37704918,1,0.371621622,0.484662577,0.793939394,0,1,0,0,1,Hemorrhagic
1,1,0,1,0,0.121359223,0.413934426,1,0.418918919,0.435582822,0.175757576,1,0,1,0,1,Ischemic
0,0,0,0,0,0.325242718,0.274590164,0,0.337837838,0.386503067,0.903030303,0,0,0,0,1,No_Stroke
0,0,0,1,1,0,0.532786885,1,0.560810811,0.668711656,0.951515152,0,1,0,1,1,Hemorrhagic
1,1,0,0,1,0.262135922,0.381147541,1,0.236486486,0.288343558,0.363636364,1,0,1,1,0,Ischemic
1,1,1,0,0,0.291262136,0.356557377,1,0.567567568,0.613496933,0.375757576,1,0,0,1,1,Ischemic
1,0,1,0,1,0.330097087,0.37704918,0,0.918918919,0.975460123,0.745454545,0,1,0,0,1,Hemorrhagic
1,0,0,1,0,0.242718447,0.450819672,1,0.5,0.472392638,0.454545455,0,1,0,0,1,Hemorrhagic
1,0,1,1,0,0.033980583,0.348360656,1,0.587837838,0.680981595,0.03030303,0,1,0,1,1,Hemorrhagic
0,1,0,1,0,0.097087379,0.508196721,1,0.547297297,0.576687117,0.921212121,0,1,1,0,1,Hemorrhagic
1,1,0,1,1,0.422330097,0.577868852,0,0.297297297,0.380368098,0.43030303,1,0,0,1,1,Ischemic
1,1,0,1,1,0.368932039,0.131147541,1,0.222972973,0.27607362,0.206060606,1,0,0,0,0,Ischemic
1,0,1,1,0,0.27184466,0.401639344,0,0.189189189,0.319018405,0.557575758,1,0,1,1,1,Ischemic
1,0,1,1,1,0.169902913,0.299180328,1,0.385135135,0.490797546,0.218181818,0,1,1,1,1,Hemorrhagic
1,1,1,0,0,0.519417476,0.569672131,1,0.391891892,0.472392638,0.206060606,1,0,1,1,1,Ischemic
1,0,0,0,1,0.286407767,0.06147541,1,0.263513514,0.288343558,0.545454545,1,0,1,0,0,Ischemic
1,0,1,0,0,0.368932039,0.905737705,1,0,0.171779141,0.393939394,1,0,0,1,0,Ischemic
1,1,0,0,0,0.805825243,0.577868852,1,0.391891892,0.349693252,0.575757576,1,0,1,0,1,Ischemic
1,0,1,0,1,0.111650485,0.512295082,0,0.331081081,0.349693252,0.993939394,1,0,1,1,1,Ischemic
1,1,0,1,0,0,0.512295082,0,0.716216216,0.766871166,0.860606061,0,1,0,0,1,Hemorrhagic
0,0,0,0,0,0.538834951,0.87295082,1,0.385135135,0.423312883,0.006060606,1,0,1,1,1,Ischemic
1,0,0,1,1,0.140776699,0.475409836,1,0.337837838,0.319018405,0.048484848,0,1,1,0,1,Hemorrhagic
1,0,1,0,1,0.325242718,0.643442623,0,0.033783784,0.190184049,0.612121212,1,0,1,1,0,Ischemic
1,1,0,0,0,0.233009709,0.512295082,0,0.236486486,0.220858896,0.624242424,1,0,1,1,0,Ischemic
1,1,0,0,0,0.203883495,0.348360656,1,0.452702703,0.411042945,0.878787879,0,1,1,0,1,Hemorrhagic
1,1,0,1,0,0.470873786,0.307377049,1,0.662162162,0.766871166,0.63030303,0,1,1,1,1,Hemorrhagic
0,1,1,0,1,0.54368932,0.352459016,1,0.331081081,0.300613497,0.23030303,1,0,1,0,1,Ischemic
0,0,1,1,0,0.36407767,0.282786885,0,0.689189189,0.699386503,0.466666667,0,1,1,1,1,Hemorrhagic
1,1,1,0,1,0.111650485,0.266393443,1,0.155405405,0.294478528,0.806060606,1,0,1,1,1,Ischemic
1,1,0,1,1,0.160194175,0.475409836,1,0.466216216,0.588957055,0.921212121,1,0,1,1,1,Ischemic
1,1,0,0,0,0,0.213114754,1,0.432432432,0.539877301,0.236363636,1,0,0,0,1,Ischemic
0,0,0,0,0,0.22815534,0.520491803,1,0.060810811,0.171779141,0.539393939,1,0,1,0,0,Ischemic
1,1,1,0,0,0.572815534,0.483606557,0,0.513513514,0.63803681,0.157575758,1,0,1,1,1,Ischemic
1,0,0,1,0,0.485436893,0.512295082,1,0.344594595,0.319018405,0.496969697,1,0,1,1,1,Ischemic
1,0,0,0,1,0.344660194,0.405737705,0,0.385135135,0.36809816,0.090909091,1,0,0,0,1,Ischemic
1,1,0,0,0,0.383495146,0.995901639,0,0.216216216,0.36809816,0.939393939,1,0,0,0,1,Ischemic
1,1,0,1,0,0.252427184,0.713114754,1,0.506756757,0.472392638,0.636363636,1,0,1,0,1,Ischemic
0,0,0,0,0,0.27184466,0.213114754,1,0.175675676,0.17791411,0.854545455,0,0,1,1,0,No_Stroke
1,0,0,0,0,0.533980583,0.528688525,1,0.445945946,0.558282209,1,1,0,1,1,1,Ischemic
0,1,1,0,1,0.072815534,0.389344262,1,0.445945946,0.539877301,0.181818182,1,0,1,0,1,Ischemic
1,1,0,1,0,0.281553398,0.241803279,0,0.405405405,0.460122699,0.696969697,0,1,0,0,1,Hemorrhagic
1,1,0,0,1,0.567961165,0.270491803,1,0.601351351,0.63803681,0.884848485,1,0,0,1,1,Ischemic
1,1,0,0,1,0.305825243,0.56147541,0,0.364864865,0.398773006,0.575757576,1,0,1,0,1,Ischemic
1,1,0,1,1,0.524271845,0.37704918,1,0.425675676,0.552147239,0.642424242,1,0,1,1,1,Ischemic
1,0,0,1,1,0.932038835,0.647540984,0,0.128378378,0.288343558,0.406060606,1,0,1,0,0,Ischemic
0,0,0,0,0,0.223300971,0.487704918,1,0.621621622,0.613496933,0.672727273,0,0,0,1,1,No_Stroke
0,0,0,1,1,0.296116505,0.536885246,0,0.371621622,0.380368098,0.393939394,0,1,1,1,1,Hemorrhagic
0,0,1,0,1,0.242718447,0.348360656,1,0.472972973,0.509202454,0.478787879,1,0,0,1,1,Ischemic
1,1,0,1,1,0.266990291,0.426229508,1,0.405405405,0.36809816,0.103030303,0,1,1,0,1,Hemorrhagic
1,0,0,1,1,0.305825243,0.442622951,1,0.452702703,0.45398773,0.006060606,0,1,1,1,1,Hemorrhagic
1,1,1,0,0,0.422330097,0.413934426,1,0.439189189,0.466257669,0.054545455,1,0,1,0,1,Ischemic
1,0,0,1,0,0.09223301,0.270491803,1,0.675675676,0.693251534,0.193939394,0,1,1,1,1,Hemorrhagic
1,1,0,0,0,0.427184466,0.754098361,1,0.162162162,0.153374233,0.454545455,1,0,0,0,0,Ischemic
0,1,0,1,0,0.451456311,0.393442623,1,0.682432432,0.625766871,0.018181818,0,1,1,1,1,Hemorrhagic
1,1,0,0,1,0.305825243,0.446721311,1,0.675675676,0.650306748,0.157575758,0,1,0,0,1,Hemorrhagic
1,1,1,0,0,0.572815534,0.356557377,0,0.209459459,0.233128834,0.781818182,1,0,0,0,0,Ischemic
1,1,0,0,0,0.339805825,0.290983607,0,0.547297297,0.527607362,0.763636364,1,0,1,0,1,Ischemic
1,0,1,0,1,0.529126214,0.397540984,0,0.135135135,0.263803681,0.787878788,1,0,1,1,0,Ischemic
0,1,1,0,1,0.441747573,0.471311475,0,0.25,0.251533742,0.921212121,1,0,1,1,0,Ischemic
0,0,0,1,1,0.101941748,0.237704918,1,0.601351351,0.662576687,0.121212121,0,1,1,0,1,Hemorrhagic
1,1,1,1,1,0.286407767,0.364754098,0,0.418918919,0.54601227,0.163636364,0,1,0,0,1,Hemorrhagic
0,1,0,0,0,0.194174757,0.213114754,0,0.371621622,0.472392638,0.333333333,1,0,1,0,1,Ischemic
1,1,1,0,1,0.262135922,0.307377049,0,0.364864865,0.380368098,0.915151515,1,0,1,0,1,Ischemic
1,0,0,0,1,0.422330097,0.598360656,1,0.310810811,0.355828221,0.775757576,1,0,1,1,1,Ischemic
1,0,1,0,0,0.441747573,0.590163934,1,0.445945946,0.564417178,0.321212121,1,0,1,0,1,Ischemic
1,1,0,0,1,0.155339806,0.426229508,0,0.304054054,0.331288344,0.084848485,1,0,1,1,1,Ischemic
1,0,0,0,1,0.59223301,0.323770492,1,0.364864865,0.435582822,0.618181818,1,0,1,1,1,Ischemic
0,0,0,0,0,0.325242718,0.241803279,0,0.486486486,0.607361963,0.254545455,0,0,0,1,1,No_Stroke
1,0,1,0,0,0.247572816,0.430327869,1,0.439189189,0.533742331,0.533333333,1,0,1,1,1,Ischemic
1,1,0,0,0,0.087378641,0.594262295,1,0.439189189,0.472392638,0.939393939,1,0,0,0,1,Ischemic
1,1,0,1,0,0.218446602,0.479508197,0,0.385135135,0.411042945,0.56969697,0,1,0,0,1,Hemorrhagic
1,0,1,0,0,0.300970874,0.409836066,1,0.405405405,0.472392638,0.921212121,1,0,1,1,1,Ischemic
1,0,0,0,0,0.257281553,0.225409836,1,0.216216216,0.319018405,0.393939394,0,0,1,0,1,No_Stroke
0,0,1,0,0,0.189320388,0.401639344,1,0.162162162,0.159509202,0.636363636,0,0,0,0,0,No_Stroke
1,1,1,0,1,0,0.356557377,1,0.324324324,0.386503067,0.890909091,1,0,1,1,1,Ischemic
0,1,1,0,1,0.310679612,0.405737705,0,0.209459459,0.355828221,0.587878788,1,0,0,1,1,Ischemic
1,0,1,0,1,0.325242718,0.709016393,0,0.439189189,0.447852761,0.612121212,1,0,1,0,1,Ischemic
1,0,0,0,1,0.509708738,0.62704918,0,0.445945946,0.558282209,0.715151515,1,0,1,1,1,Ischemic
0,0,0,0,0,0.252427184,0.516393443,0,0.074324324,0.073619632,0.884848485,1,0,1,0,0,Ischemic
1,1,1,1,0,0.713592233,0.282786885,0,0.222972973,0.263803681,0.090909091,1,0,1,1,0,Ischemic
1,1,1,1,1,0.014563107,0.524590164,1,0.135135135,0.171779141,0.339393939,1,0,0,0,0,Ischemic
1,0,0,1,1,0.640776699,0.663934426,0,0.27027027,0.325153374,0.4,1,0,0,1,1,Ischemic
1,0,0,0,1,0.344660194,0.426229508,1,0.398648649,0.404907975,0.909090909,1,0,1,1,1,Ischemic
0,0,1,0,0,0.36407767,0.532786885,1,0.304054054,0.349693252,0.957575758,0,0,1,0,1,No_Stroke
0,1,0,0,1,0.402912621,0.700819672,1,0.256756757,0.398773006,0.121212121,1,0,1,1,1,Ischemic
1,0,0,0,0,0.606796117,0.762295082,1,0.513513514,0.539877301,0.121212121,1,0,1,1,1,Ischemic
1,1,0,0,1,0.310679612,0.540983607,1,0.02027027,0.079754601,0.933333333,1,0,1,1,0,Ischemic
0,0,0,0,1,0.082524272,0.43852459,1,0.5,0.582822086,0.296969697,0,0,1,0,1,No_Stroke
1,0,0,1,0,0.660194175,0.721311475,1,0.263513514,0.26993865,0.242424242,1,0,0,1,0,Ischemic
1,0,0,0,1,0.36407767,0.56147541,1,0.324324324,0.349693252,0.036363636,1,0,1,1,1,Ischemic
1,0,0,1,0,0.27184466,0.303278689,1,0.466216216,0.564417178,0.272727273,0,1,1,0,1,Hemorrhagic
1,1,1,0,0,0.626213592,0.418032787,0,0.540540541,0.595092025,0.690909091,1,0,0,1,1,Ischemic
1,1,0,0,1,0.09223301,0.397540984,1,0.371621622,0.36196319,0.424242424,0,1,1,0,1,Hemorrhagic
1,1,1,0,1,0.5,0.278688525,1,0.337837838,0.300613497,0.515151515,1,0,0,0,1,Ischemic
1,1,1,0,1,0.27184466,0.467213115,0,0.405405405,0.404907975,0.915151515,1,0,0,0,1,Ischemic
1,0,0,0,1,0.359223301,0.668032787,0,0.114864865,0.171779141,0.115151515,1,0,1,1,0,Ischemic
0,1,1,0,0,0.398058252,0.131147541,1,0.209459459,0.202453988,0.072727273,1,0,0,1,0,Ischemic
1,1,0,1,1,0.09223301,0.741803279,1,0.317567568,0.45398773,0.854545455,1,0,0,0,1,Ischemic
0,0,1,1,1,0.126213592,0.504098361,0,0.418918919,0.441717791,0.775757576,0,1,1,1,1,Hemorrhagic
1,1,0,0,0,0.650485437,0.413934426,1,0.222972973,0.233128834,0.266666667,1,0,0,1,0,Ischemic
1,1,1,0,1,0.558252427,0.577868852,1,0.290540541,0.380368098,0.321212121,1,0,1,1,1,Ischemic
1,1,1,1,0,0.373786408,0.491803279,1,0.418918919,0.404907975,0.309090909,1,0,0,0,1,Ischemic
1,1,0,1,1,0.432038835,0.692622951,1,0.290540541,0.263803681,0.648484848,1,0,1,1,1,Ischemic
1,1,0,0,0,0.330097087,0.651639344,1,0.47972973,0.429447853,0.060606061,1,0,0,1,1,Ischemic
1,1,1,0,0,0.650485437,0.258196721,1,0.202702703,0.343558282,0.490909091,1,0,1,1,1,Ischemic
1,0,1,0,0,0.344660194,0.586065574,0,0.162162162,0.171779141,0.133333333,1,0,0,0,0,Ischemic
1,0,0,1,1,0.432038835,0.454918033,1,0.594594595,0.54601227,0.818181818,1,0,1,0,1,Ischemic
1,1,1,1,0,0.606796117,0.504098361,1,0.243243243,0.325153374,0.381818182,1,0,1,0,1,Ischemic
1,0,0,0,0,0.233009709,0.368852459,1,0.155405405,0.159509202,0.527272727,1,0,1,1,0,Ischemic
1,0,1,1,1,0.689320388,0.774590164,1,0.101351351,0.171779141,0.03030303,1,0,0,0,0,Ischemic
1,1,0,0,1,0.087378641,0.659836066,0,0.47972973,0.539877301,0.060606061,1,0,1,1,1,Ischemic
0,0,0,1,0,0.475728155,0.274590164,1,0.290540541,0.392638037,0.672727273,0,0,0,0,1,No_Stroke
1,1,0,0,0,0.315533981,0.270491803,0,0.297297297,0.417177914,0.76969697,1,0,0,0,1,Ischemic
1,1,0,1,0,0.339805825,0.426229508,0,0.310810811,0.392638037,0.709090909,1,0,1,0,1,Ischemic
0,0,0,0,0,0.019417476,0.56147541,0,0.472972973,0.54601227,0.739393939,1,0,1,1,1,Ischemic
0,0,0,0,1,0.174757282,0.397540984,0,0.310810811,0.441717791,0.103030303,0,0,1,1,1,No_Stroke
1,0,0,0,1,0.087378641,0.520491803,1,0.851351351,0.785276074,0.690909091,0,1,1,1,1,Hemorrhagic
1,1,0,1,1,0.266990291,0.618852459,0,0.351351351,0.355828221,0.181818182,1,0,1,1,1,Ischemic
1,1,1,1,0,0.359223301,0.647540984,0,0.47972973,0.558282209,0.096969697,1,0,0,0,1,Ischemic
1,0,0,1,1,0.378640777,0.405737705,1,0.648648649,0.693251534,0.757575758,0,1,1,1,1,Hemorrhagic
0,1,0,1,1,0.427184466,0.262295082,0,0.331081081,0.441717791,0.890909091,1,0,1,0,1,Ischemic
1,1,0,0,1,0.446601942,0.459016393,0,0.256756757,0.294478528,0.715151515,1,0,1,1,1,Ischemic
1,1,0,0,1,0.174757282,0.663934426,0,0.378378378,0.423312883,0.806060606,1,0,0,0,1,Ischemic
1,1,0,0,1,0.213592233,0.479508197,0,0.405405405,0.417177914,0.993939394,1,0,1,1,1,Ischemic
1,0,0,1,1,0.5,0.430327869,0,0.459459459,0.45398773,0.133333333,0,1,0,0,1,Hemorrhagic
1,0,0,0,0,0.131067961,0.327868852,0,0.358108108,0.355828221,0.963636364,0,0,1,0,1,No_Stroke
1,1,0,0,1,0.708737864,0.319672131,1,0.5,0.45398773,0.6,1,0,0,0,1,Ischemic
1,1,0,0,1,0.339805825,0.471311475,0,0.614864865,0.650306748,0.812121212,1,0,0,0,1,Ischemic
1,1,0,0,1,0.388349515,0.540983607,0,0.452702703,0.417177914,0.648484848,1,0,1,0,1,Ischemic
1,1,0,1,0,0.398058252,0.286885246,1,0.790540541,0.871165644,0.56969697,0,1,1,1,1,Hemorrhagic
1,1,0,0,1,0.427184466,0.336065574,1,0.452702703,0.478527607,0.703030303,0,1,1,1,1,Hemorrhagic
0,0,1,1,1,0.223300971,0.25,1,0.635135135,0.693251534,0.321212121,0,1,1,0,1,Hemorrhagic
1,1,0,1,0,0.184466019,0.504098361,1,0.716216216,0.717791411,0.927272727,0,1,0,0,1,Hemorrhagic
1,1,1,1,0,0.373786408,0.442622951,0,0.216216216,0.300613497,0.115151515,1,0,1,0,1,Ischemic
0,1,0,0,1,0.451456311,0.729508197,1,0.27027027,0.306748466,0.315151515,1,0,1,1,1,Ischemic
0,0,1,0,1,0.558252427,0.741803279,0,0.567567568,0.644171779,0.03030303,1,0,0,0,1,Ischemic
1,0,1,1,1,0.242718447,0.356557377,0,0.405405405,0.539877301,0.272727273,0,1,0,1,1,Hemorrhagic
1,0,0,0,0,0.504854369,0.323770492,1,0.155405405,0.233128834,0.218181818,1,0,0,0,0,Ischemic
1,1,1,0,1,0.703883495,0.147540984,1,0.540540541,0.527607362,0.048484848,1,0,1,0,1,Ischemic
0,1,0,0,0,0.461165049,0.25,1,0.493243243,0.588957055,0.490909091,1,0,0,0,1,Ischemic
1,0,0,0,0,0.446601942,0.266393443,1,0.391891892,0.447852761,0.466666667,1,0,0,0,1,Ischemic
1,1,1,0,0,0.09223301,0.717213115,0,0.331081081,0.466257669,0.078787879,1,0,0,0,1,Ischemic
1,1,1,0,0,0,0.508196721,1,0.277027027,0.374233129,0.260606061,1,0,1,0,1,Ischemic
1,1,0,0,0,0.461165049,0.553278689,1,0.371621622,0.337423313,0.951515152,1,0,1,0,1,Ischemic
1,1,0,0,0,0.368932039,0.12704918,1,0.547297297,0.601226994,0.109090909,1,0,0,1,1,Ischemic
1,1,0,0,0,0.286407767,0.295081967,1,0.364864865,0.478527607,0.303030303,1,0,0,0,1,Ischemic
1,1,0,1,0,0.432038835,0.635245902,1,0.628378378,0.736196319,0.036363636,1,0,0,0,1,Ischemic
0,0,1,0,1,0.233009709,0.401639344,0,0.418918919,0.441717791,0.151515152,0,1,0,0,1,Hemorrhagic
0,1,0,0,0,0.606796117,0.467213115,1,0.331081081,0.435582822,0.696969697,1,0,1,1,1,Ischemic
1,1,0,1,0,0.402912621,0.581967213,0,0.283783784,0.392638037,0.36969697,1,0,0,1,1,Ischemic
0,1,0,1,1,0.131067961,0.569672131,0,0.391891892,0.472392638,0.454545455,0,1,1,1,1,Hemorrhagic
1,1,0,0,0,0.577669903,0.454918033,1,0.310810811,0.355828221,0.157575758,1,0,1,0,1,Ischemic
1,1,0,1,1,0.208737864,0.37704918,0,0.594594595,0.558282209,0.684848485,0,1,1,0,1,Hemorrhagic
1,0,1,0,0,0.490291262,0.520491803,1,0.405405405,0.460122699,0.751515152,1,0,0,0,1,Ischemic
1,1,1,0,0,0.291262136,0.881147541,0,0.628378378,0.582822086,0.181818182,1,0,1,0,1,Ischemic
1,0,1,1,1,0.262135922,0.147540984,1,0.398648649,0.472392638,0.042424242,1,0,0,1,1,Ischemic
1,0,0,0,1,0.402912621,0.602459016,0,0.493243243,0.45398773,0.078787879,1,0,1,1,1,Ischemic
1,1,1,0,1,0.388349515,0.471311475,0,0.344594595,0.36809816,0.654545455,1,0,1,1,1,Ischemic
1,1,1,0,1,0.480582524,0.581967213,0,0.560810811,0.650306748,0.133333333,1,0,1,0,1,Ischemic
0,0,0,0,1,0.199029126,0.286885246,1,0.655405405,0.72392638,0.490909091,0,0,1,0,1,No_Stroke
1,1,0,0,0,0.029126214,0.483606557,0,0.405405405,0.429447853,0.151515152,1,0,0,0,1,Ischemic
1,1,0,1,0,0.17961165,0.454918033,1,0.405405405,0.36196319,0.16969697,0,1,1,0,1,Hemorrhagic
1,0,0,0,0,0.538834951,1,0,0.263513514,0.300613497,0.006060606,1,0,1,1,1,Ischemic
1,1,0,0,0,0.199029126,0.467213115,0,0.574324324,0.552147239,0.321212121,0,1,0,0,1,Hemorrhagic
1,1,0,0,1,0.339805825,0.352459016,0,0.398648649,0.392638037,0.090909091,1,0,1,1,1,Ischemic
1,1,0,0,1,0.577669903,0.422131148,1,0.425675676,0.417177914,0.393939394,1,0,0,1,1,Ischemic
1,0,0,1,0,0.247572816,0.413934426,1,0.398648649,0.435582822,0.6,1,0,1,0,1,Ischemic
1,0,1,0,1,0.087378641,0.196721311,1,0.337837838,0.337423313,0.36969697,1,0,0,0,1,Ischemic
0,1,0,1,1,0.218446602,0.327868852,0,0.452702703,0.441717791,0.703030303,0,1,0,1,1,Hemorrhagic
1,1,0,0,0,0.291262136,0.610655738,1,0.391891892,0.423312883,0.739393939,1,0,1,0,1,Ischemic
1,0,1,0,0,0.199029126,0.282786885,1,0.587837838,0.63803681,0.696969697,1,0,1,0,1,Ischemic
1,1,1,0,0,0.349514563,0.659836066,0,0.472972973,0.552147239,0.939393939,1,0,1,0,1,Ischemic
1,0,1,0,0,0.480582524,0.569672131,1,0.405405405,0.404907975,0.236363636,1,0,0,0,1,Ischemic
0,0,1,0,0,0.237864078,0.274590164,1,0.472972973,0.460122699,0.187878788,0,0,0,1,1,No_Stroke
0,0,0,0,0,0.286407767,0.348360656,0,0.283783784,0.337423313,0.612121212,0,0,1,0,1,No_Stroke
1,1,1,0,0,0.504854369,0.56147541,0,0.263513514,0.306748466,0.593939394,0,0,1,1,1,No_Stroke
1,0,0,0,0,0.32038835,0.610655738,0,0.236486486,0.294478528,0.509090909,1,0,1,1,1,Ischemic
1,0,0,1,1,0.441747573,0.491803279,1,0.317567568,0.36809816,0.006060606,1,0,1,0,1,Ischemic
0,0,0,1,0,0.165048544,0.336065574,0,0.277027027,0.404907975,0.557575758,0,0,0,1,1,No_Stroke
1,0,0,1,1,0.223300971,0.504098361,0,0.5,0.490797546,0.933333333,1,0,1,0,1,Ischemic
1,0,0,0,0,0.155339806,0.303278689,0,0.27027027,0.288343558,0.333333333,0,0,1,1,1,No_Stroke
0,1,0,0,0,0.169902913,0.106557377,0,0.222972973,0.337423313,0.96969697,0,0,0,0,1,No_Stroke
0,0,1,1,1,0.291262136,0.618852459,0,0.797297297,0.895705521,0.357575758,0,1,0,0,1,Hemorrhagic
1,1,0,0,0,0.839805825,0.516393443,1,0.27027027,0.27607362,0.139393939,1,0,1,0,1,Ischemic
1,1,0,0,0,0.247572816,0.553278689,0,0.358108108,0.325153374,0.4,1,0,1,1,1,Ischemic
1,1,1,1,1,0.17961165,0.360655738,1,0.601351351,0.582822086,0.496969697,0,1,0,0,1,Hemorrhagic
1,1,1,1,1,0.373786408,0.368852459,0,0.182432432,0.165644172,0.63030303,1,0,0,0,0,Ischemic
1,0,0,0,0,0.461165049,0.459016393,1,0.5,0.509202454,0.503030303,1,0,1,0,1,Ischemic
1,1,1,1,0,0.436893204,0.229508197,1,0.418918919,0.552147239,0.539393939,1,0,0,0,1,Ischemic
1,0,0,0,0,0.427184466,0.647540984,0,0.547297297,0.625766871,0.024242424,0,0,1,1,1,No_Stroke
1,0,0,0,0,0,0.286885246,1,0.243243243,0.239263804,0.254545455,1,0,0,1,0,Ischemic
1,1,1,0,0,0,0.319672131,1,0.344594595,0.349693252,0.309090909,1,0,1,1,1,Ischemic
1,0,0,0,0,0.291262136,0.418032787,1,0.337837838,0.435582822,0.987878788,1,0,0,0,1,Ischemic
1,1,0,0,0,0.597087379,0.700819672,1,0.371621622,0.45398773,0.296969697,1,0,1,0,1,Ischemic
0,0,0,0,1,0.014563107,0.368852459,1,0.135135135,0.294478528,0.896969697,0,0,1,1,1,No_Stroke
1,1,1,1,1,0,0.286885246,1,0.351351351,0.36809816,0.303030303,1,0,0,1,1,Ischemic
1,1,0,0,1,0.495145631,0.696721311,1,0.141891892,0.153374233,0.096969697,1,0,1,0,0,Ischemic
0,1,0,1,0,0.276699029,0.454918033,1,0.587837838,0.582822086,0.248484848,0,1,0,1,1,Hemorrhagic
0,0,0,1,0,0.082524272,0.43442623,1,0.25,0.226993865,0.272727273,0,1,1,1,0,Hemorrhagic
1,1,1,0,0,0.194174757,0.606557377,1,0.081081081,0.165644172,0.975757576,1,0,0,0,0,Ischemic
1,1,0,1,0,0.097087379,0.659836066,1,0.648648649,0.680981595,0.672727273,0,1,1,1,1,Hemorrhagic
0,1,0,0,0,0.40776699,0.848360656,1,0.263513514,0.355828221,0.933333333,1,0,1,0,1,Ischemic
1,1,1,0,1,0.262135922,0.37704918,0,0.202702703,0.190184049,0.836363636,1,0,1,1,0,Ischemic
1,1,0,1,1,0.310679612,0.56557377,1,0.709459459,0.705521472,0.575757576,0,1,0,1,1,Hemorrhagic
1,1,0,1,1,0,0.413934426,0,0.581081081,0.552147239,0.672727273,0,1,0,0,1,Hemorrhagic
1,0,0,0,1,0.116504854,0.426229508,1,0.655405405,0.595092025,0.624242424,0,1,1,0,1,Hemorrhagic
0,0,0,0,1,0.077669903,0.159836066,0,0.310810811,0.36196319,0.666666667,0,0,1,1,1,No_Stroke
1,1,0,0,0,0.334951456,0.463114754,0,0.695945946,0.754601227,0.266666667,1,0,1,1,1,Ischemic
1,0,0,0,0,0.281553398,0.356557377,1,0.25,0.282208589,0.406060606,1,0,1,0,0,Ischemic
1,0,1,1,0,0.354368932,0.467213115,0,0.77027027,0.779141104,0.593939394,0,1,0,1,1,Hemorrhagic
1,0,0,0,1,0.024271845,0.663934426,1,0.324324324,0.349693252,0.036363636,1,0,0,1,1,Ischemic
1,1,0,1,1,0.247572816,0.110655738,1,0.310810811,0.294478528,0.484848485,0,1,0,0,1,Hemorrhagic
0,1,0,1,0,0.32038835,0.364754098,0,0.601351351,0.674846626,0.860606061,0,1,0,0,1,Hemorrhagic
0,1,0,1,1,0.509708738,0.504098361,0,0.581081081,0.662576687,0.490909091,0,1,0,1,1,Hemorrhagic
1,1,0,1,1,0.291262136,0.459016393,1,0.189189189,0.282208589,0.551515152,1,0,1,0,0,Ischemic
1,1,0,0,0,0.446601942,0.610655738,0,0.209459459,0.239263804,0.2,1,0,0,0,0,Ischemic
1,0,0,0,0,0.033980583,0.549180328,1,0.331081081,0.441717791,0.793939394,1,0,1,1,1,Ischemic
0,0,0,0,0,0,0.545081967,1,0.378378378,0.429447853,0.357575758,1,0,1,0,1,Ischemic
1,1,1,0,1,0.548543689,0.446721311,0,0,0.061349693,0.957575758,1,0,1,0,0,Ischemic
1,0,1,0,0,0.383495146,0.290983607,0,0.47972973,0.527607362,0.993939394,1,0,0,0,1,Ischemic
0,0,1,0,1,0.616504854,0.307377049,1,0.27027027,0.331288344,0.915151515,1,0,0,1,1,Ischemic
1,1,1,0,0,0.121359223,0.606557377,1,0.155405405,0.282208589,0.084848485,1,0,0,1,0,Ischemic
1,1,0,1,1,0.485436893,0.491803279,0,0.459459459,0.417177914,0.333333333,1,0,0,1,1,Ischemic
1,1,1,0,0,0.747572816,0.467213115,0,0.331081081,0.331288344,0.945454545,1,0,1,0,1,Ischemic
1,1,0,0,1,0.466019417,0.422131148,1,0.5,0.570552147,0.806060606,1,0,0,1,1,Ischemic
1,1,1,1,1,0.281553398,0.327868852,1,0.594594595,0.63190184,0.909090909,0,1,1,1,1,Hemorrhagic
1,1,1,0,1,0.388349515,0.659836066,0,0.331081081,0.380368098,0.56969697,1,0,1,0,1,Ischemic
0,1,1,0,1,0.082524272,0.43442623,1,0.310810811,0.380368098,0.478787879,1,0,1,0,1,Ischemic
1,1,1,1,0,0.650485437,0.270491803,1,0.398648649,0.472392638,0.109090909,1,0,1,1,1,Ischemic
1,0,0,1,1,0.150485437,0.459016393,1,0.47972973,0.460122699,0.842424242,0,1,0,0,1,Hemorrhagic
1,1,0,0,0,0.485436893,0.454918033,1,0.216216216,0.355828221,0.745454545,1,0,1,0,1,Ischemic
1,1,0,0,0,0.082524272,0.495901639,1,0.418918919,0.509202454,0.060606061,1,0,0,0,1,Ischemic
1,0,0,1,1,0.155339806,0.754098361,1,0.317567568,0.294478528,0.212121212,1,0,1,0,1,Ischemic
0,1,0,0,0,0.665048544,0.487704918,1,0.337837838,0.466257669,0.557575758,1,0,1,0,1,Ischemic
1,1,1,0,1,0.32038835,0.536885246,1,0.47972973,0.601226994,0.684848485,1,0,0,0,1,Ischemic
1,0,1,0,1,0.669902913,0.295081967,1,0.317567568,0.337423313,0.139393939,1,0,1,1,1,Ischemic
0,0,0,0,0,0.368932039,0.454918033,1,0.337837838,0.398773006,0.242424242,1,0,0,1,1,Ischemic
1,0,1,1,1,0,0.442622951,0,0.459459459,0.472392638,0.193939394,0,1,0,1,1,Hemorrhagic
0,0,0,0,0,0.368932039,0.176229508,0,0.391891892,0.355828221,0.218181818,0,0,1,0,1,No_Stroke
1,0,1,0,0,0.27184466,0.524590164,1,0.378378378,0.392638037,0.921212121,1,0,0,1,1,Ischemic
1,1,1,0,0,0.519417476,0.508196721,0,0.459459459,0.460122699,0.715151515,1,0,1,0,1,Ischemic
1,0,0,1,1,0.242718447,0.37295082,1,0.459459459,0.503067485,0.739393939,0,1,1,1,1,Hemorrhagic
1,1,1,0,1,0.087378641,0.659836066,0,0.27027027,0.404907975,0.793939394,1,0,1,1,1,Ischemic
1,0,1,0,1,0.417475728,0.545081967,1,0.439189189,0.570552147,0.357575758,1,0,0,1,1,Ischemic
1,1,0,0,1,0.810679612,0.733606557,0,0.371621622,0.423312883,0.76969697,1,0,1,0,1,Ischemic
1,0,0,0,0,0.480582524,0.327868852,1,0.209459459,0.245398773,0.975757576,1,0,1,1,0,Ischemic
0,0,0,1,0,0.233009709,0.385245902,1,0.513513514,0.509202454,0.696969697,0,0,1,0,1,No_Stroke
1,1,0,1,1,0.398058252,0.37704918,0,0.310810811,0.447852761,0.418181818,0,1,0,0,1,Hemorrhagic
1,1,1,0,0,0.427184466,0.31557377,1,0.439189189,0.466257669,0.715151515,1,0,0,0,1,Ischemic
1,0,1,0,0,0.427184466,0.647540984,0,0.162162162,0.319018405,0.903030303,1,0,1,1,1,Ischemic
1,1,0,0,0,0.174757282,0.868852459,0,0.587837838,0.656441718,0.127272727,1,0,1,0,1,Ischemic
1,1,0,0,1,0.432038835,0.487704918,0,0.128378378,0.27607362,0.266666667,1,0,1,1,0,Ischemic
1,1,1,0,1,0.587378641,0.573770492,0,0.493243243,0.613496933,0.921212121,1,0,1,0,1,Ischemic
1,0,0,0,0,0.223300971,0.504098361,1,0.324324324,0.447852761,0.945454545,1,0,1,0,1,Ischemic
1,0,0,1,1,0.446601942,0.278688525,0,0.486486486,0.521472393,0.484848485,0,1,0,1,1,Hemorrhagic
1,1,0,0,1,0.368932039,0.192622951,1,0.358108108,0.36809816,0.375757576,1,0,0,0,1,Ischemic
1,1,0,0,1,0.213592233,0.37295082,0,0.418918919,0.552147239,0.284848485,1,0,1,1,1,Ischemic
0,0,0,0,0,0.383495146,0.196721311,1,0.209459459,0.312883436,0.496969697,0,0,0,1,1,No_Stroke
1,1,0,1,1,0.199029126,0.577868852,0,0.425675676,0.411042945,0.933333333,0,1,0,1,1,Hemorrhagic
1,1,1,0,0,0.533980583,0.471311475,1,0.418918919,0.509202454,0.151515152,1,0,0,1,1,Ischemic
0,0,0,0,0,0.330097087,0.43442623,1,0.101351351,0.233128834,0.418181818,1,0,0,0,0,Ischemic
1,1,0,0,1,0.373786408,0.635245902,1,0.256756757,0.288343558,0.909090909,1,0,1,0,0,Ischemic
0,0,1,0,1,0.480582524,0.307377049,0,0.743243243,0.742331288,0.351515152,1,0,0,0,1,Ischemic
1,1,1,0,0,0.441747573,0.364754098,1,0.202702703,0.263803681,0.76969697,1,0,1,0,0,Ischemic
1,1,0,1,1,0,0.37704918,0,0.689189189,0.754601227,0.387878788,0,1,1,1,1,Hemorrhagic
1,1,0,0,1,0.169902913,0.659836066,0,0.256756757,0.26993865,0.806060606,1,0,0,1,0,Ischemic
1,0,0,0,1,0.567961165,0.573770492,1,0.405405405,0.374233129,0.981818182,1,0,1,1,1,Ischemic
1,0,0,0,1,0.359223301,0.528688525,1,0.425675676,0.380368098,0.387878788,1,0,0,1,1,Ischemic
1,0,1,0,1,0.286407767,0.504098361,1,0.486486486,0.595092025,0.842424242,1,0,0,0,1,Ischemic
0,0,0,1,1,0.04368932,0.418032787,1,0.506756757,0.619631902,0.987878788,0,1,0,1,1,Hemorrhagic
0,0,0,1,0,0.082524272,0.393442623,0,0.804054054,0.81595092,0.981818182,0,1,1,1,1,Hemorrhagic
1,1,0,1,0,0,0.319672131,0,0.256756757,0.374233129,0.436363636,1,0,0,0,1,Ischemic
1,0,1,0,0,0.36407767,0.495901639,0,0.364864865,0.503067485,0.484848485,1,0,1,1,1,Ischemic
1,0,1,0,1,0.27184466,0.31557377,1,0.364864865,0.398773006,0.303030303,1,0,0,1,1,Ischemic
1,1,0,0,1,0.199029126,0.504098361,1,0.182432432,0.202453988,0.315151515,1,0,0,0,0,Ischemic
1,1,1,0,0,0.373786408,0.409836066,0,0.297297297,0.380368098,0.490909091,1,0,0,1,1,Ischemic
1,1,0,0,0,0.45631068,0.905737705,1,0.358108108,0.484662577,0.2,1,0,1,0,1,Ischemic
1,0,0,0,0,0.791262136,0.483606557,1,0.277027027,0.245398773,0.709090909,1,0,1,0,1,Ischemic
0,1,1,0,0,0.09223301,0.258196721,1,0.662162162,0.699386503,0.533333333,1,0,1,1,1,Ischemic
1,0,1,0,1,0.611650485,0.467213115,1,0.222972973,0.27607362,0.896969697,1,0,1,1,0,Ischemic
1,0,1,0,0,0.572815534,0.573770492,1,0.493243243,0.515337423,0.812121212,1,0,1,1,1,Ischemic
1,1,0,0,1,0.233009709,0.762295082,1,0.452702703,0.429447853,0.321212121,1,0,1,1,1,Ischemic
1,0,0,0,1,0.427184466,0.393442623,0,0.331081081,0.319018405,0.503030303,1,0,1,1,1,Ischemic
1,1,1,1,0,0.296116505,0.229508197,0,0.216216216,0.288343558,0.751515152,1,0,1,1,0,Ischemic
1,0,0,1,1,0.266990291,0.467213115,0,0.432432432,0.417177914,0.193939394,0,1,0,0,1,Hemorrhagic
0,0,0,0,0,0.67961165,0.262295082,1,0.263513514,0.374233129,0.03030303,1,0,1,0,1,Ischemic
1,1,0,0,1,0.504854369,0.418032787,1,0.094594595,0.220858896,0.854545455,1,0,0,0,0,Ischemic
1,0,1,0,1,0.485436893,0.446721311,1,0.195945946,0.26993865,0.139393939,1,0,0,1,0,Ischemic
0,1,0,0,0,0.300970874,0.479508197,0,0.135135135,0.141104294,0.890909091,1,0,1,1,0,Ischemic
1,1,0,0,1,0.097087379,0.602459016,1,0.513513514,0.496932515,0.915151515,1,0,0,0,1,Ischemic
1,1,1,0,1,0.344660194,0.37704918,1,0.418918919,0.466257669,0.460606061,1,0,0,1,1,Ischemic
0,0,0,1,0,0.417475728,0.331967213,1,0.439189189,0.503067485,0.806060606,0,0,0,1,1,No_Stroke
1,0,0,0,0,0.087378641,0.487704918,1,0.412162162,0.478527607,0.363636364,1,0,0,0,1,Ischemic
1,1,0,0,1,0.17961165,0.512295082,1,0.358108108,0.45398773,0.860606061,1,0,1,0,1,Ischemic
1,0,0,0,1,0.412621359,0.504098361,0,0.533783784,0.564417178,0.824242424,1,0,1,0,1,Ischemic
0,1,0,1,1,0.194174757,0.56147541,0,0.25,0.349693252,0.078787879,1,0,0,0,1,Ischemic
1,1,0,0,1,0.233009709,0.62704918,0,0.351351351,0.484662577,0.581818182,1,0,0,1,1,Ischemic
1,0,0,0,1,0.17961165,0.413934426,1,0.432432432,0.484662577,0.642424242,0,0,1,0,1,No_Stroke
1,1,0,0,0,0.121359223,0.56557377,0,0.155405405,0.171779141,0,1,0,0,1,0,Ischemic
0,0,1,0,0,0.097087379,0.172131148,1,0.75,0.711656442,0.981818182,0,0,0,0,1,No_Stroke
0,0,0,0,1,0.344660194,0.37295082,1,0.337837838,0.306748466,0.406060606,0,0,0,1,1,No_Stroke
1,1,0,1,1,0.131067961,0.569672131,0,0.351351351,0.398773006,0.515151515,1,0,0,0,1,Ischemic
0,1,0,0,0,0.077669903,0.610655738,1,0.506756757,0.607361963,0.193939394,1,0,1,1,1,Ischemic
0,1,0,1,0,0.262135922,0.37704918,0,0.459459459,0.564417178,0.612121212,1,0,1,0,1,Ischemic
1,0,1,0,0,0.529126214,0.381147541,0,0.337837838,0.36196319,0.812121212,1,0,1,1,1,Ischemic
1,0,0,0,0,0.349514563,0.397540984,1,0.351351351,0.312883436,0.587878788,1,0,1,1,1,Ischemic
1,0,0,0,0,0.296116505,0.577868852,0,0.128378378,0.165644172,0.787878788,1,0,1,1,0,Ischemic
1,0,1,0,1,0.393203883,0.659836066,1,0.256756757,0.300613497,0.733333333,1,0,1,0,1,Ischemic
1,0,1,1,1,0.048543689,0.422131148,1,0.405405405,0.435582822,0.236363636,1,0,1,0,1,Ischemic
0,1,1,1,1,0.310679612,0.479508197,1,0.594594595,0.687116564,0.436363636,0,1,1,0,1,Hemorrhagic
1,1,0,1,1,0.461165049,0.508196721,1,0.5,0.564417178,0.151515152,1,0,0,0,1,Ischemic
1,1,1,1,0,0.17961165,0.352459016,0,0.52027027,0.570552147,0.042424242,0,1,1,1,1,Hemorrhagic
1,0,0,0,0,0.582524272,0.454918033,1,0.148648649,0.294478528,0.060606061,1,0,1,0,1,Ischemic
1,1,0,0,0,0.165048544,0.610655738,0,0.47972973,0.509202454,0.945454545,1,0,1,1,1,Ischemic
1,1,0,1,1,0.606796117,0.545081967,0,0.527027027,0.503067485,0.981818182,1,0,1,1,1,Ischemic
1,0,0,0,0,0.417475728,0.864754098,0,0.452702703,0.478527607,0.096969697,1,0,0,0,1,Ischemic
0,1,0,1,0,0.189320388,0.262295082,0,0.513513514,0.558282209,0.333333333,0,1,0,1,1,Hemorrhagic
0,1,0,1,1,0.237864078,0.430327869,1,0.675675676,0.717791411,0.115151515,0,1,1,0,1,Hemorrhagic
1,0,1,1,1,0.223300971,0.303278689,0,1,1,0.836363636,0,1,1,0,1,Hemorrhagic
1,1,0,1,0,0.621359223,0.348360656,1,0.351351351,0.337423313,0.496969697,1,0,1,0,1,Ischemic
1,1,0,0,1,0.174757282,0.487704918,1,0.155405405,0.208588957,0.624242424,1,0,1,1,0,Ischemic
1,0,0,1,1,0.131067961,0.385245902,1,0.459459459,0.411042945,0.539393939,0,1,1,0,1,Hemorrhagic
0,1,1,0,1,0.393203883,0.725409836,1,0.621621622,0.619631902,0.709090909,0,1,0,1,1,Hemorrhagic
0,0,0,0,1,0.155339806,0.344262295,0,0.114864865,0.26993865,0.321212121,0,0,1,0,0,No_Stroke
1,1,0,0,0,0.563106796,0.303278689,1,0.358108108,0.460122699,0.139393939,1,0,0,1,1,Ischemic
1,1,1,0,0,0.713592233,0.532786885,1,0.385135135,0.435582822,0.018181818,1,0,1,0,1,Ischemic
1,0,1,1,1,0.17961165,0.110655738,0,0.743243243,0.680981595,0.448484848,0,1,1,0,1,Hemorrhagic
1,1,0,1,0,0.519417476,0.475409836,1,0.513513514,0.582822086,0.909090909,1,0,1,0,1,Ischemic
0,0,0,0,0,0.072815534,0.368852459,1,0.452702703,0.496932515,0.303030303,0,0,1,0,1,No_Stroke
1,0,1,1,1,0.349514563,0.463114754,0,0.243243243,0.294478528,0.193939394,0,1,0,1,1,Hemorrhagic
1,1,1,1,1,0.422330097,0.647540984,0,0.459459459,0.527607362,0.927272727,1,0,1,0,1,Ischemic
1,1,0,0,1,0.310679612,0.303278689,0,0.635135135,0.742331288,0.103030303,0,1,1,1,1,Hemorrhagic
0,0,1,0,1,0.145631068,0.348360656,1,0.574324324,0.533742331,0.054545455,0,1,0,0,1,Hemorrhagic
1,0,0,0,1,0.063106796,0.364754098,1,0.101351351,0.141104294,0.878787879,1,0,1,0,0,Ischemic
0,0,0,0,0,0.315533981,0.229508197,1,0.22972973,0.27607362,0.703030303,0,0,0,0,0,No_Stroke
1,0,0,0,1,0,0.540983607,1,0.175675676,0.18404908,0.424242424,1,0,0,0,0,Ischemic
1,0,0,1,0,0.194174757,0.209016393,1,0.263513514,0.392638037,0.751515152,0,1,1,1,1,Hemorrhagic
1,0,0,0,0,0.567961165,0.422131148,1,0.331081081,0.423312883,0.739393939,1,0,1,1,1,Ischemic
1,0,1,1,1,0.266990291,0.245901639,1,0.432432432,0.404907975,0.042424242,0,1,0,1,1,Hemorrhagic
1,1,0,0,0,0.762135922,0.577868852,1,0.689189189,0.63190184,0.678787879,1,0,1,1,1,Ischemic
1,1,0,0,0,0.587378641,0.786885246,1,0.310810811,0.355828221,0.642424242,1,0,1,1,1,Ischemic
0,0,0,0,0,0.145631068,0.204918033,1,0.506756757,0.533742331,0.963636364,0,0,0,1,1,No_Stroke
1,1,0,0,1,0.393203883,0.18442623,1,0.121621622,0.18404908,0.963636364,1,0,1,1,0,Ischemic
1,1,1,0,1,0.378640777,0.471311475,1,0.263513514,0.233128834,0.375757576,1,0,1,0,0,Ischemic
0,0,0,0,0,0.009708738,0.368852459,0,0.344594595,0.392638037,0.587878788,0,0,0,1,1,No_Stroke
0,0,0,1,0,0.101941748,0.393442623,0,0.209459459,0.245398773,0.139393939,0,0,1,1,0,No_Stroke
1,1,0,1,1,0.276699029,0.418032787,1,0.277027027,0.27607362,0.066666667,1,0,0,0,1,Ischemic
0,1,0,0,1,0,0.454918033,0,0.304054054,0.404907975,0.43030303,1,0,1,1,1,Ischemic
0,1,0,0,0,0.393203883,0.549180328,1,0.304054054,0.312883436,0.690909091,1,0,0,0,1,Ischemic
1,0,1,0,0,0.339805825,0.659836066,0,0.587837838,0.619631902,0.56969697,1,0,1,1,1,Ischemic
1,0,1,0,0,0.063106796,0.168032787,0,0.385135135,0.521472393,0.43030303,1,0,1,0,1,Ischemic
1,1,0,0,1,0.466019417,0.430327869,0,0.398648649,0.423312883,0.818181818,1,0,1,0,1,Ischemic
1,1,0,1,1,0.344660194,0.393442623,0,0.608108108,0.576687117,0.793939394,0,1,0,0,1,Hemorrhagic
0,1,1,1,1,0.27184466,0.254098361,0,0.621621622,0.650306748,0.733333333,0,1,1,1,1,Hemorrhagic
0,0,1,1,0,0.194174757,0.577868852,1,0.527027027,0.601226994,0.078787879,0,1,0,0,1,Hemorrhagic
1,0,0,1,1,0.5,0.385245902,1,0.290540541,0.411042945,0.793939394,1,0,0,1,1,Ischemic
1,1,0,1,1,0.519417476,0.483606557,1,0.358108108,0.404907975,0.921212121,1,0,0,1,1,Ischemic
1,1,0,0,1,0.446601942,0.581967213,1,0.493243243,0.45398773,0.060606061,1,0,1,0,1,Ischemic
1,0,1,0,1,0.22815534,0.393442623,1,0.486486486,0.539877301,0.4,1,0,1,1,1,Ischemic
0,1,1,0,0,0.441747573,0.18852459,1,0.304054054,0.355828221,0.987878788,1,0,0,0,1,Ischemic
1,1,0,1,0,0.412621359,0.31557377,1,0.641891892,0.625766871,0.6,0,1,0,1,1,Hemorrhagic
1,0,0,0,1,0.27184466,0.659836066,1,0.310810811,0.392638037,0.515151515,1,0,1,0,1,Ischemic
1,1,1,0,1,0.791262136,0.43442623,0,0.337837838,0.404907975,0.175757576,1,0,1,0,1,Ischemic
1,0,1,0,1,0.281553398,0.352459016,0,0.27027027,0.386503067,0.563636364,1,0,0,0,1,Ischemic
1,1,1,1,0,0.242718447,0.479508197,0,0.513513514,0.484662577,0.436363636,0,1,1,1,1,Hemorrhagic
0,1,1,0,1,0.257281553,0.43442623,0,0.513513514,0.521472393,0.127272727,1,0,1,1,1,Ischemic
0,1,0,0,0,0.427184466,0.405737705,1,0.344594595,0.386503067,0.466666667,1,0,0,0,1,Ischemic
1,1,0,0,0,0.048543689,0.512295082,0,0.351351351,0.466257669,0.163636364,1,0,0,0,1,Ischemic
1,0,0,1,1,0.160194175,0.463114754,1,0.344594595,0.312883436,0.733333333,0,1,1,1,1,Hemorrhagic
1,1,0,0,1,0.174757282,0.881147541,1,0.290540541,0.337423313,0.975757576,1,0,0,0,1,Ischemic
0,1,0,1,0,0.262135922,0.467213115,1,0.506756757,0.63190184,0.466666667,0,1,0,1,1,Hemorrhagic
1,0,1,1,1,0.383495146,0.508196721,1,0.425675676,0.398773006,0.63030303,0,1,0,1,1,Hemorrhagic
1,1,0,0,0,0.509708738,0.405737705,0,0.337837838,0.45398773,0.43030303,1,0,1,0,1,Ischemic
1,1,1,0,0,0,0.319672131,1,0.277027027,0.398773006,0.139393939,1,0,0,1,1,Ischemic
0,0,0,0,0,0.538834951,0.37295082,0,0.344594595,0.447852761,0.96969697,0,0,1,1,1,No_Stroke
1,1,1,0,1,0.441747573,0.508196721,1,0.351351351,0.398773006,0.127272727,1,0,1,0,1,Ischemic
0,1,0,1,0,0.233009709,0.31147541,1,0.202702703,0.251533742,0.109090909,1,0,1,1,0,Ischemic
0,0,0,1,1,0.262135922,0.344262295,1,0.486486486,0.582822086,0.460606061,0,1,0,1,1,Hemorrhagic
1,1,0,0,1,0.266990291,0.413934426,1,0.344594595,0.478527607,0.660606061,0,0,1,0,1,No_Stroke
0,0,0,0,1,0.140776699,0.409836066,1,0.493243243,0.54601227,0.357575758,0,0,0,0,1,No_Stroke
1,0,1,1,0,0.266990291,0.430327869,0,0.574324324,0.63803681,0.193939394,0,1,1,1,1,Hemorrhagic
1,0,1,1,1,0.266990291,0.536885246,0,0.243243243,0.26993865,0.818181818,1,0,1,0,0,Ischemic
1,1,0,0,0,0.305825243,0.405737705,1,0.385135135,0.404907975,0.363636364,1,0,1,0,1,Ischemic
1,1,0,1,0,0.140776699,0.303278689,1,0.77027027,0.809815951,0.193939394,0,1,1,1,1,Hemorrhagic
0,0,0,1,0,0.106796117,0.295081967,1,0.459459459,0.435582822,0.363636364,1,0,1,1,1,Ischemic
1,1,0,0,0,0.412621359,0.782786885,0,0.405405405,0.417177914,0.212121212,1,0,1,1,1,Ischemic
0,0,0,0,0,0.325242718,0.368852459,1,0.432432432,0.558282209,0.521212121,0,0,1,0,1,No_Stroke
0,0,1,0,0,0.485436893,0.454918033,1,0.527027027,0.607361963,0.666666667,1,0,1,1,1,Ischemic
1,1,1,1,0,0.54368932,0.336065574,1,0.47972973,0.466257669,0.8,1,0,0,1,1,Ischemic
0,1,1,1,1,0.446601942,0.971311475,1,0.412162162,0.417177914,0.23030303,1,0,1,1,1,Ischemic
0,1,0,0,1,0.281553398,0.31557377,1,0.47972973,0.496932515,0.16969697,1,0,1,1,1,Ischemic
1,1,1,0,0,0.548543689,0.418032787,0,0.189189189,0.226993865,0.018181818,1,0,1,1,0,Ischemic
0,1,1,0,1,0.121359223,0.557377049,1,0.128378378,0.190184049,0.23030303,1,0,1,1,0,Ischemic
1,1,1,0,1,0.208737864,0.590163934,0,0.358108108,0.404907975,0.024242424,1,0,0,0,1,Ischemic
1,1,1,1,1,0.199029126,0.647540984,0,0.344594595,0.337423313,0.345454545,1,0,1,1,1,Ischemic
1,1,0,1,0,0.398058252,0.590163934,1,0.466216216,0.539877301,0.145454545,0,1,1,0,1,Hemorrhagic
1,0,1,0,1,0.567961165,0.573770492,1,0.445945946,0.552147239,0.581818182,1,0,1,1,1,Ischemic
0,0,0,0,1,0.310679612,0.237704918,1,0.081081081,0.165644172,0.381818182,0,0,1,1,0,No_Stroke
0,1,0,0,1,0.59223301,0.446721311,1,0.263513514,0.26993865,0.090909091,1,0,0,0,0,Ischemic
1,0,0,0,0,0.213592233,0.540983607,1,0.27027027,0.306748466,0.4,1,0,0,1,1,Ischemic
1,0,1,1,1,0.291262136,0.62295082,0,0.317567568,0.441717791,0.212121212,0,1,1,1,1,Hemorrhagic
0,1,1,0,1,0.359223301,0.262295082,1,0.533783784,0.539877301,0.678787879,1,0,1,0,1,Ischemic
1,0,0,0,0,0.36407767,0.516393443,0,0.148648649,0.214723926,0.363636364,0,0,1,0,0,No_Stroke
0,1,1,0,0,0.36407767,0.520491803,1,0.256756757,0.263803681,0.145454545,1,0,0,0,0,Ischemic
0,0,0,0,0,0.184466019,0.471311475,0,0.459459459,0.503067485,0.351515152,0,0,0,0,1,No_Stroke
1,0,1,0,1,0.490291262,0.471311475,1,0.418918919,0.386503067,0.224242424,1,0,0,1,1,Ischemic
1,1,0,1,1,0.368932039,0.262295082,1,0.385135135,0.472392638,0.793939394,0,1,0,1,1,Hemorrhagic
1,0,0,1,0,0.257281553,0.614754098,0,0.425675676,0.54601227,0.981818182,1,0,0,0,1,Ischemic
0,0,0,1,1,0.233009709,0.446721311,0,0.371621622,0.374233129,0.024242424,0,0,1,1,1,No_Stroke
1,1,1,0,0,0.17961165,0.647540984,0,0.648648649,0.711656442,0.690909091,1,0,0,1,1,Ischemic
1,1,1,1,1,0,0.487704918,0,0.391891892,0.423312883,0.266666667,1,0,0,1,1,Ischemic
0,0,0,0,0,0.27184466,0.295081967,0,0.317567568,0.441717791,0.066666667,0,0,1,0,1,No_Stroke
1,0,0,0,1,0.504854369,0.233606557,1,0.216216216,0.257668712,0.012121212,1,0,0,1,0,Ischemic
1,1,1,0,1,0.436893204,0.62295082,1,0.236486486,0.245398773,0.878787879,1,0,1,0,0,Ischemic
1,1,0,0,0,0.009708738,0.557377049,1,0.222972973,0.355828221,0.351515152,1,0,1,1,1,Ischemic
1,1,1,0,1,0.315533981,0.331967213,1,0.52027027,0.595092025,0.993939394,1,0,0,1,1,Ischemic
1,0,1,0,0,0,0.401639344,1,0.337837838,0.478527607,0.442424242,1,0,0,0,1,Ischemic
1,1,0,0,1,0.650485437,0.413934426,1,0.412162162,0.54601227,0.187878788,1,0,1,1,1,Ischemic
0,0,0,0,0,0.082524272,0.18442623,1,0.540540541,0.54601227,0.775757576,0,0,1,0,1,No_Stroke
0,0,1,0,1,0.631067961,0.356557377,1,0.013513514,0.073619632,0.927272727,1,0,1,0,0,Ischemic
0,0,1,0,0,0.567961165,0.303278689,1,0.506756757,0.619631902,0.818181818,1,0,1,1,1,Ischemic
0,0,0,0,1,0.106796117,0.31557377,0,0.344594595,0.429447853,0.745454545,0,0,1,0,1,No_Stroke
0,1,1,1,0,0.077669903,0.274590164,1,0.594594595,0.644171779,0.333333333,0,1,1,1,1,Hemorrhagic
1,0,0,1,0,0.45631068,0.221311475,1,0.222972973,0.26993865,0.066666667,1,0,0,1,0,Ischemic
1,0,0,0,1,0.223300971,0.819672131,0,0.22972973,0.300613497,0.2,1,0,0,0,1,Ischemic
1,0,1,0,0,0.40776699,0.696721311,1,0.398648649,0.478527607,0.448484848,1,0,1,1,1,Ischemic
1,0,1,0,1,0.291262136,0.360655738,0,0.655405405,0.711656442,0.957575758,1,0,1,0,1,Ischemic
1,1,0,1,0,0.038834951,0.532786885,0,0.472972973,0.496932515,0.721212121,1,0,1,0,1,Ischemic
1,1,1,0,0,0,0.557377049,0,0.506756757,0.490797546,0.83030303,1,0,1,1,1,Ischemic
1,1,0,0,1,0.432038835,0.68442623,1,0.310810811,0.45398773,0.278787879,1,0,0,1,1,Ischemic
1,1,0,0,1,0.276699029,0.356557377,1,0.25,0.220858896,0.684848485,1,0,1,1,0,Ischemic
0,0,0,0,0,0.160194175,0.5,1,0.22972973,0.294478528,0.860606061,0,0,1,1,1,No_Stroke
0,0,0,0,0,0.339805825,0.299180328,0,0.27027027,0.374233129,0.478787879,0,0,1,0,1,No_Stroke
1,1,0,1,1,0.611650485,0.270491803,1,0.054054054,0.067484663,0.43030303,1,0,0,0,0,Ischemic
1,1,0,0,1,0.334951456,0.606557377,1,0.236486486,0.374233129,0.721212121,1,0,0,0,1,Ischemic
1,1,0,0,0,0.32038835,0.700819672,0,0.256756757,0.300613497,0.557575758,1,0,1,1,1,Ischemic
1,0,1,1,1,0.315533981,0.68442623,1,0.513513514,0.588957055,0.993939394,0,1,1,0,1,Hemorrhagic
1,1,1,1,1,0.121359223,0.295081967,0,0.351351351,0.398773006,0.424242424,1,0,1,0,1,Ischemic
1,0,1,0,1,0.427184466,0.602459016,0,0.385135135,0.398773006,0.175757576,1,0,1,0,1,Ischemic
0,0,0,0,0,0.32038835,0.31557377,1,0.331081081,0.386503067,0.472727273,0,0,1,0,1,No_Stroke
0,0,0,1,1,0.339805825,0.463114754,1,0.459459459,0.411042945,0.236363636,0,1,0,1,1,Hemorrhagic
0,0,0,1,0,0,0.18442623,0,0.067567568,0.208588957,0.563636364,0,0,1,1,0,No_Stroke
1,1,1,0,1,0.131067961,0.213114754,0,0.459459459,0.515337423,0.127272727,0,1,1,0,1,Hemorrhagic
1,0,1,1,0,0.213592233,0.360655738,0,0.202702703,0.226993865,0.951515152,1,0,1,0,0,Ischemic
1,1,0,0,1,0.402912621,0.504098361,0,0.398648649,0.417177914,0.860606061,1,0,1,1,1,Ischemic
0,0,0,0,0,0.310679612,0.286885246,0,0.459459459,0.552147239,0.157575758,0,0,1,0,1,No_Stroke
1,1,0,0,0,0.45631068,0.446721311,0,0.662162162,0.680981595,0.16969697,0,1,1,1,1,Hemorrhagic
1,1,0,0,0,0.291262136,0.659836066,1,0.439189189,0.533742331,0.515151515,1,0,0,1,1,Ischemic
1,1,0,0,1,0.291262136,0.586065574,1,0.317567568,0.300613497,0.775757576,1,0,1,0,1,Ischemic
1,0,0,0,0,0.606796117,0.754098361,1,0.263513514,0.263803681,0.218181818,1,0,1,1,0,Ischemic
0,0,0,1,1,0.281553398,0.418032787,1,0.439189189,0.441717791,0.060606061,0,1,1,0,1,Hemorrhagic
0,0,0,1,0,0.427184466,0.217213115,0,0.128378378,0.196319018,0.545454545,0,0,1,0,0,No_Stroke
1,0,0,0,1,0.441747573,0.713114754,0,0.466216216,0.521472393,0.690909091,1,0,0,0,1,Ischemic
1,1,1,0,0,0.160194175,0.389344262,1,0.310810811,0.355828221,0.242424242,1,0,1,1,1,Ischemic
1,1,0,0,0,0.126213592,0.639344262,0,0.168918919,0.27607362,0.739393939,1,0,1,1,0,Ischemic
0,0,0,0,1,0.014563107,0.56147541,0,0.222972973,0.306748466,0.951515152,0,0,1,0,1,No_Stroke
1,1,1,0,0,0.334951456,0.422131148,0,0.418918919,0.478527607,0.139393939,0,1,1,1,1,Hemorrhagic
1,1,0,1,1,0.412621359,0.18442623,1,0.540540541,0.509202454,0.509090909,0,1,0,1,1,Hemorrhagic
1,1,0,1,0,0.742718447,0.340163934,1,0.47972973,0.558282209,0.054545455,1,0,1,0,1,Ischemic
1,0,1,0,0,0.548543689,0.704918033,1,0.290540541,0.411042945,0.206060606,1,0,1,1,1,Ischemic
1,1,0,0,0,0.611650485,0.463114754,1,0.027027027,0.159509202,0.090909091,1,0,1,1,0,Ischemic
1,1,0,0,1,0.27184466,0.504098361,1,0.310810811,0.45398773,0.406060606,1,0,0,1,1,Ischemic
0,1,0,1,1,0.072815534,0.459016393,0,0.513513514,0.619631902,0.818181818,0,1,0,0,1,Hemorrhagic
1,0,1,1,0,0.36407767,0.450819672,0,0.506756757,0.466257669,0.575757576,0,1,0,0,1,Hemorrhagic
0,0,0,0,0,0.300970874,0.401639344,0,0.25,0.245398773,0.224242424,0,0,1,1,0,No_Stroke
0,0,0,0,0,0.257281553,0.340163934,0,0.364864865,0.484662577,0.042424242,0,0,1,1,1,No_Stroke
0,1,1,0,1,0.461165049,0.43852459,0,0.344594595,0.392638037,0.551515152,1,0,0,1,1,Ischemic
1,1,0,1,1,0.286407767,0.471311475,0,0.533783784,0.63190184,0.133333333,0,1,1,1,1,Hemorrhagic
1,0,0,0,1,0.427184466,0.43442623,0,0.391891892,0.398773006,0.345454545,0,0,1,1,1,No_Stroke
0,1,1,0,1,0.427184466,0.336065574,0,0.47972973,0.588957055,0.509090909,0,1,1,1,1,Hemorrhagic
1,0,0,0,1,0.490291262,0.668032787,1,0.27027027,0.386503067,0.903030303,1,0,0,0,1,Ischemic
1,1,0,0,0,0.548543689,0.467213115,1,0.52027027,0.490797546,0.084848485,1,0,1,0,1,Ischemic
1,0,0,0,1,0.485436893,0.348360656,1,0.412162162,0.411042945,0.666666667,1,0,1,0,1,Ischemic
0,0,0,0,0,0.174757282,0.274590164,0,0.445945946,0.564417178,0.012121212,0,0,1,0,1,No_Stroke
1,1,1,0,0,0.533980583,0.327868852,1,0.5,0.478527607,0.63030303,1,0,1,1,1,Ischemic
1,0,0,0,1,0.116504854,0.446721311,0,0.405405405,0.496932515,0.551515152,1,0,1,1,1,Ischemic
1,1,0,0,1,0.59223301,0.692622951,0,0.459459459,0.490797546,0.812121212,1,0,1,0,1,Ischemic
1,0,0,0,0,0.155339806,0.356557377,0,0.121621622,0.110429448,0.533333333,1,0,1,1,0,Ischemic
1,1,1,1,0,0.441747573,0.520491803,1,0.364864865,0.398773006,0.351515152,1,0,0,1,1,Ischemic
1,1,0,0,1,0.223300971,0.381147541,1,0.310810811,0.349693252,0.242424242,1,0,0,1,1,Ischemic
1,1,0,0,0,0.495145631,0.446721311,0,0.560810811,0.527607362,0.084848485,1,0,0,1,1,Ischemic
1,0,1,0,1,0.378640777,0.241803279,0,0.459459459,0.441717791,0.533333333,1,0,1,0,1,Ischemic
1,1,1,1,1,0.009708738,0.340163934,1,0.452702703,0.515337423,0.890909091,0,1,1,0,1,Hemorrhagic
1,1,0,0,0,0.466019417,0.459016393,0,0.385135135,0.374233129,0.515151515,1,0,0,1,1,Ischemic
0,0,0,1,1,0.155339806,0.43442623,0,0.560810811,0.533742331,0.739393939,0,1,1,1,1,Hemorrhagic
1,1,0,0,0,0.558252427,0.524590164,0,0.398648649,0.533742331,0.296969697,1,0,0,1,1,Ischemic
1,0,0,0,1,0.388349515,0.295081967,1,0.195945946,0.214723926,0.448484848,1,0,1,0,0,Ischemic
1,1,0,1,1,0.296116505,0.5,0,0.587837838,0.63803681,0.327272727,0,1,0,0,1,Hemorrhagic
0,0,0,0,0,0.199029126,0.524590164,0,0.304054054,0.386503067,0.109090909,1,0,1,1,1,Ischemic
1,1,0,1,1,0.27184466,0.520491803,0,0.371621622,0.435582822,0.418181818,1,0,1,0,1,Ischemic
1,1,0,1,1,0.296116505,0.487704918,1,0.236486486,0.374233129,0.763636364,1,0,1,1,1,Ischemic
0,0,0,1,1,0.36407767,0.303278689,1,0.459459459,0.429447853,0.393939394,0,1,0,1,1,Hemorrhagic
0,0,1,0,1,0.713592233,0.524590164,0,0.493243243,0.472392638,0.648484848,1,0,0,1,1,Ischemic
0,0,0,1,0,0.121359223,0.426229508,1,0.391891892,0.484662577,0.757575758,0,1,1,1,1,Hemorrhagic
1,1,0,0,0,0.597087379,0.204918033,1,0.202702703,0.343558282,0.321212121,1,0,1,0,1,Ischemic
1,0,0,0,0,0,0.401639344,1,0.324324324,0.36809816,0.8,1,0,0,1,1,Ischemic
1,1,1,0,0,0.155339806,0.446721311,1,0.22972973,0.233128834,0.339393939,1,0,0,1,0,Ischemic
1,0,0,0,0,0.199029126,0.532786885,1,0.216216216,0.294478528,0.254545455,1,0,0,1,1,Ischemic
1,0,0,0,0,0.121359223,0.68442623,1,0.351351351,0.435582822,0.224242424,1,0,1,1,1,Ischemic
1,1,0,0,1,0.077669903,0.364754098,0,0.128378378,0.190184049,0.2,1,0,0,0,0,Ischemic
1,0,1,1,1,0.466019417,0.409836066,1,0.195945946,0.337423313,0.739393939,1,0,0,1,1,Ischemic
0,0,0,0,0,0.208737864,0.303278689,1,0.614864865,0.656441718,0.884848485,0,0,0,0,1,No_Stroke
1,1,0,1,0,0.461165049,0.356557377,1,0.398648649,0.404907975,0.23030303,1,0,0,0,1,Ischemic
0,1,0,0,0,0.519417476,0.43442623,1,0.236486486,0.355828221,0.084848485,1,0,0,1,1,Ischemic
1,1,1,1,0,0.276699029,0.463114754,1,0.594594595,0.63190184,0.315151515,0,1,0,0,1,Hemorrhagic
1,1,0,0,1,0.514563107,0.31557377,1,0.412162162,0.386503067,0.660606061,1,0,0,1,1,Ischemic
1,0,1,0,1,0.373786408,0.56147541,1,0.466216216,0.539877301,0.36969697,1,0,1,0,1,Ischemic
1,0,1,1,1,0.067961165,0.155737705,1,0.52027027,0.527607362,0.551515152,0,1,1,0,1,Hemorrhagic
0,0,0,0,0,0.393203883,0.299180328,1,0.466216216,0.503067485,0.745454545,0,0,0,0,1,No_Stroke
1,1,0,1,1,0.27184466,0.43442623,1,0.060810811,0.122699387,0.406060606,1,0,1,0,0,Ischemic
0,0,0,0,0,0.101941748,0.573770492,1,0.189189189,0.26993865,1,0,0,1,1,0,No_Stroke
1,1,0,0,0,0.349514563,0.446721311,1,0.358108108,0.441717791,0.296969697,1,0,0,1,1,Ischemic
0,1,1,0,1,0.208737864,0.12704918,1,0.378378378,0.484662577,0.975757576,1,0,1,1,1,Ischemic
1,1,1,0,1,0.305825243,0.163934426,0,0.209459459,0.306748466,0.2,1,0,0,0,1,Ischemic
0,0,0,0,0,0.291262136,0.37295082,0,0.371621622,0.484662577,0.109090909,0,0,1,1,1,No_Stroke
1,0,0,0,0,0.451456311,0.590163934,1,0.25,0.226993865,0.751515152,1,0,0,1,0,Ischemic
1,1,1,0,1,0.213592233,0.553278689,1,0.297297297,0.411042945,0.703030303,1,0,1,0,1,Ischemic
0,1,1,0,0,0.291262136,0.516393443,0,0.472972973,0.564417178,0.812121212,1,0,1,1,1,Ischemic
0,0,1,1,0,0.59223301,0.680327869,0,0.459459459,0.527607362,0.345454545,1,0,1,1,1,Ischemic
1,0,0,1,0,0.480582524,0.401639344,1,0.202702703,0.263803681,0.933333333,1,0,1,0,0,Ischemic
1,1,0,0,0,0.791262136,0.635245902,1,0.189189189,0.196319018,0.121212121,1,0,0,1,0,Ischemic
1,1,1,0,0,0.616504854,0.221311475,1,0.277027027,0.355828221,0.03030303,1,0,1,0,1,Ischemic
1,1,1,0,1,0.606796117,0.340163934,1,0.331081081,0.404907975,0.303030303,1,0,1,0,1,Ischemic
0,1,0,0,0,0.116504854,0.192622951,0,0.243243243,0.214723926,0.8,1,0,1,0,0,Ischemic
0,1,0,1,0,0.533980583,0.446721311,0,0.472972973,0.466257669,0.672727273,1,0,1,1,1,Ischemic
1,1,0,1,1,0.373786408,0.483606557,0,0.378378378,0.398773006,0.436363636,1,0,1,0,1,Ischemic
1,1,0,0,1,0.276699029,0.508196721,1,0.391891892,0.374233129,0.254545455,1,0,1,0,1,Ischemic
0,0,0,1,1,0.266990291,0.37295082,0,0.364864865,0.478527607,0.060606061,0,1,0,1,1,Hemorrhagic
1,1,1,0,1,0.567961165,0.336065574,1,0.493243243,0.527607362,0.339393939,1,0,1,1,1,Ischemic
1,1,0,1,0,0.485436893,0.459016393,1,0,0,0.460606061,1,0,1,1,0,Ischemic
1,1,1,0,1,0.213592233,0.245901639,1,0.445945946,0.54601227,0.684848485,1,0,0,0,1,Ischemic
1,1,0,0,0,0.529126214,0.713114754,1,0.459459459,0.417177914,0.648484848,1,0,0,1,1,Ischemic
1,1,1,0,1,0.262135922,0.43852459,0,0.277027027,0.374233129,0.945454545,1,0,1,0,1,Ischemic
1,1,1,0,0,0.427184466,0.409836066,1,0.506756757,0.607361963,0.103030303,1,0,0,1,1,Ischemic
1,1,0,0,1,0.325242718,0.75,0,0.324324324,0.343558282,0.333333333,1,0,0,1,1,Ischemic
0,1,0,1,1,0.344660194,0.286885246,0,0.344594595,0.349693252,0.478787879,1,0,1,1,1,Ischemic
0,1,0,0,0,0.533980583,0.303278689,1,0.378378378,0.423312883,0.672727273,1,0,1,1,1,Ischemic
1,0,0,0,1,0.184466019,0.31147541,0,0.763513514,0.760736196,0.496969697,1,0,0,1,1,Ischemic
1,1,1,0,1,0.762135922,0.479508197,1,0.513513514,0.527607362,0.915151515,1,0,0,1,1,Ischemic
1,0,1,0,1,0.033980583,0.56147541,1,0.432432432,0.496932515,0.606060606,1,0,1,0,1,Ischemic
1,0,0,0,0,0.27184466,0.610655738,0,0.209459459,0.355828221,0.042424242,1,0,0,0,1,Ischemic
1,1,0,0,1,0.45631068,0.909836066,0,0.351351351,0.337423313,0.115151515,1,0,1,1,1,Ischemic
0,1,0,0,0,0.5,0.12295082,1,0.222972973,0.319018405,0.751515152,1,0,1,0,1,Ischemic
1,1,1,0,0,0.36407767,0.590163934,1,0.445945946,0.509202454,0.715151515,1,0,0,1,1,Ischemic
1,1,0,1,1,0.233009709,0.299180328,1,0.554054054,0.595092025,0.151515152,0,1,1,1,1,Hemorrhagic
1,1,0,0,0,0.466019417,0.393442623,1,0.182432432,0.233128834,0.060606061,1,0,0,0,0,Ischemic
1,1,1,1,1,0.339805825,0.389344262,1,0.344594595,0.374233129,0.575757576,1,0,1,1,1,Ischemic
1,1,0,0,0,0.441747573,0.254098361,1,0.425675676,0.527607362,0.636363636,0,1,1,1,1,Hemorrhagic
0,0,0,0,1,0.36407767,0.573770492,0,0.358108108,0.472392638,0.133333333,0,0,1,1,1,No_Stroke
1,0,1,0,0,0.553398058,0.62704918,1,0.216216216,0.208588957,0.472727273,1,0,0,0,0,Ischemic
1,0,0,0,0,0.199029126,0.491803279,1,0.337837838,0.386503067,0.303030303,1,0,0,1,1,Ischemic
1,0,0,1,0,0.22815534,0.532786885,1,0.641891892,0.674846626,0.933333333,0,1,0,0,1,Hemorrhagic
1,0,1,1,0,0.194174757,0.180327869,1,0.527027027,0.576687117,0.218181818,0,1,0,1,1,Hemorrhagic
1,0,1,0,0,0.189320388,0.270491803,1,0.283783784,0.306748466,0.733333333,1,0,1,1,1,Ischemic
1,0,0,0,0,0.45631068,0.131147541,0,0.364864865,0.496932515,0.515151515,1,0,0,0,1,Ischemic
0,1,0,0,1,0.281553398,0.37704918,1,0.425675676,0.552147239,0.012121212,1,0,0,1,1,Ischemic
1,0,0,1,0,0.514563107,0.516393443,1,0.182432432,0.26993865,0.515151515,1,0,1,0,0,Ischemic
1,1,0,1,0,0.17961165,0.508196721,1,0.371621622,0.509202454,0.096969697,1,0,1,1,1,Ischemic
1,0,0,0,0,0.718446602,0.512295082,0,0.513513514,0.527607362,0.660606061,1,0,0,1,1,Ischemic
1,1,0,0,1,0.213592233,0.258196721,0,0.412162162,0.380368098,0.563636364,1,0,1,0,1,Ischemic
1,0,0,1,1,0.27184466,0.467213115,1,0.547297297,0.503067485,0.012121212,0,1,1,0,1,Hemorrhagic
1,0,1,1,0,0.538834951,0.528688525,1,0.418918919,0.392638037,0.206060606,1,0,1,1,1,Ischemic
1,1,1,0,0,0.276699029,0.610655738,0,0.398648649,0.441717791,0.775757576,1,0,1,0,1,Ischemic
0,0,0,0,0,0.36407767,0.135245902,1,0.641891892,0.576687117,0.278787879,0,1,1,0,1,Hemorrhagic
1,0,0,0,1,0.063106796,0.405737705,0,0.263513514,0.374233129,0.496969697,0,1,0,0,1,Hemorrhagic
1,0,1,0,0,0.669902913,0.295081967,1,0.121621622,0.122699387,0.309090909,1,0,1,0,0,Ischemic
0,0,1,0,0,0.388349515,0.426229508,1,0.472972973,0.478527607,0.921212121,1,0,1,1,1,Ischemic
1,0,1,0,0,0.27184466,0.577868852,0,0.128378378,0.251533742,0.539393939,1,0,1,1,0,Ischemic
1,0,1,0,0,0.330097087,0.504098361,1,0.391891892,0.435582822,0.696969697,1,0,1,0,1,Ischemic
1,1,1,0,0,0.54368932,0.348360656,1,0.283783784,0.282208589,0.084848485,1,0,1,0,1,Ischemic
1,1,0,0,1,0.27184466,0.491803279,0,0.202702703,0.325153374,0.042424242,1,0,0,0,1,Ischemic
1,1,0,0,0,0.242718447,0.237704918,1,0.378378378,0.411042945,0.260606061,1,0,1,1,1,Ischemic
1,0,1,0,1,0.344660194,0.680327869,1,0.364864865,0.503067485,0.309090909,1,0,0,1,1,Ischemic
1,1,1,0,0,0.155339806,0.454918033,1,0.621621622,0.736196319,0.684848485,1,0,1,1,1,Ischemic
1,0,1,0,0,0.737864078,0.672131148,0,0.25,0.245398773,0.56969697,1,0,1,1,0,Ischemic
1,0,0,1,1,0.276699029,0.401639344,0,0.527027027,0.503067485,0.375757576,1,0,1,1,1,Ischemic
1,1,0,0,0,0.548543689,0.405737705,1,0.385135135,0.441717791,0.654545455,1,0,1,1,1,Ischemic
1,0,0,0,1,0.427184466,0.364754098,0,0.243243243,0.36196319,0.163636364,1,0,0,0,1,Ischemic
1,0,1,1,1,0.097087379,0.475409836,1,0.641891892,0.72392638,0.060606061,0,1,1,1,1,Hemorrhagic
1,1,0,0,0,0.383495146,0.37295082,0,0.412162162,0.527607362,0.854545455,1,0,1,1,1,Ischemic
1,1,0,1,1,0.538834951,0.594262295,1,0.337837838,0.411042945,0.563636364,1,0,1,0,1,Ischemic
1,0,0,1,0,0.213592233,0.319672131,1,0.574324324,0.515337423,0.648484848,0,1,1,1,1,Hemorrhagic
0,1,0,0,1,0.616504854,0.163934426,1,0.256756757,0.300613497,0.309090909,1,0,1,1,1,Ischemic
1,1,1,0,0,0.582524272,0.397540984,1,0.222972973,0.319018405,0.36969697,1,0,1,1,1,Ischemic
0,0,1,0,1,0.563106796,0.295081967,1,0.439189189,0.558282209,0.084848485,1,0,1,0,1,Ischemic
1,0,1,1,0,0.296116505,0.495901639,1,0.304054054,0.435582822,0.854545455,1,0,0,1,1,Ischemic
1,0,0,1,1,0.082524272,0.221311475,0,0.527027027,0.607361963,0.593939394,0,1,0,0,1,Hemorrhagic
1,1,1,0,1,0.266990291,0.643442623,1,0.371621622,0.380368098,0.084848485,1,0,1,1,1,Ischemic
1,1,0,0,1,0.422330097,0.475409836,1,0.371621622,0.374233129,0.806060606,1,0,1,1,1,Ischemic
1,1,1,1,1,0.490291262,0.459016393,0,0.141891892,0.153374233,0.442424242,1,0,0,1,0,Ischemic
1,1,0,1,1,0,0.598360656,0,0.506756757,0.63190184,0.763636364,1,0,0,1,1,Ischemic
1,1,0,0,1,0.383495146,0.647540984,0,0.351351351,0.386503067,0.012121212,1,0,1,1,1,Ischemic
1,0,1,0,0,0.417475728,0.487704918,0,0.304054054,0.36196319,0.03030303,1,0,1,0,1,Ischemic
1,1,1,0,0,0.330097087,0.364754098,1,0.391891892,0.380368098,0.16969697,1,0,0,1,1,Ischemic
0,1,0,0,0,0.427184466,0.147540984,1,0.364864865,0.380368098,0.212121212,0,0,1,1,1,No_Stroke
1,1,1,0,0,0.466019417,0.37704918,1,0.439189189,0.45398773,0.763636364,1,0,0,0,1,Ischemic
1,0,0,0,0,0.640776699,0.389344262,1,0.405405405,0.441717791,0.709090909,1,0,0,0,1,Ischemic
1,1,0,0,1,0.344660194,0.508196721,0,0.432432432,0.417177914,0.618181818,1,0,1,1,1,Ischemic
1,0,0,0,0,0.567961165,0.43442623,0,0.52027027,0.582822086,0.884848485,1,0,1,0,1,Ischemic
1,0,0,0,1,0.703883495,0.602459016,1,0.452702703,0.509202454,0.248484848,1,0,1,1,1,Ischemic
1,0,0,0,0,0.640776699,0.389344262,0,0.310810811,0.306748466,0.903030303,1,0,1,0,1,Ischemic
1,1,0,0,0,0.174757282,0.479508197,0,0.182432432,0.220858896,0.909090909,1,0,0,0,0,Ischemic
1,1,0,0,1,0.334951456,0.68442623,1,0.560810811,0.533742331,0.436363636,1,0,0,1,1,Ischemic
0,0,1,0,1,0.32038835,0.545081967,1,0.304054054,0.392638037,0.096969697,1,0,0,1,1,Ischemic
1,0,0,1,1,0.310679612,0.360655738,0,0.472972973,0.527607362,0.727272727,0,1,0,1,1,Hemorrhagic
1,1,1,0,1,0.519417476,0.389344262,1,0.101351351,0.165644172,0.339393939,1,0,0,1,0,Ischemic
1,0,0,1,0,0.223300971,0.385245902,1,0.378378378,0.392638037,0.793939394,1,0,0,1,1,Ischemic
1,0,1,0,1,0.398058252,0.348360656,0,0.351351351,0.490797546,0.163636364,1,0,0,1,1,Ischemic
0,0,0,0,0,0,0.299180328,1,0.128378378,0.171779141,0.539393939,0,0,0,0,0,No_Stroke
1,1,0,0,0,0.665048544,0.614754098,0,0.398648649,0.441717791,0.509090909,1,0,1,0,1,Ischemic
1,0,0,0,0,0.286407767,0.454918033,1,0.27027027,0.325153374,0.103030303,1,0,1,0,1,Ischemic
0,0,0,0,0,0.247572816,0.200819672,1,0.695945946,0.63803681,0.363636364,0,0,0,0,1,No_Stroke
1,0,0,1,0,0.194174757,0.586065574,1,0.459459459,0.466257669,0.084848485,0,1,1,0,1,Hemorrhagic
1,1,0,1,1,0.40776699,0.405737705,0,0.47972973,0.429447853,0.466666667,0,1,0,0,1,Hemorrhagic
0,1,1,0,1,0,0.258196721,0,0.216216216,0.208588957,0.842424242,1,0,1,1,0,Ischemic
1,1,1,0,0,0.383495146,0.418032787,0,0.506756757,0.619631902,0.272727273,1,0,1,0,1,Ischemic
0,0,1,0,0,0.36407767,0.508196721,1,0.283783784,0.423312883,0.763636364,1,0,1,0,1,Ischemic
0,0,0,0,0,0.174757282,0.577868852,0,0.236486486,0.355828221,0.181818182,0,0,1,1,1,No_Stroke
1,0,0,0,0,0.723300971,0.307377049,1,0.432432432,0.503067485,0.672727273,1,0,1,0,1,Ischemic
1,1,0,0,1,0.213592233,0.651639344,0,0.148648649,0.134969325,0.915151515,1,0,1,0,0,Ischemic
1,1,0,0,0,0.533980583,0.717213115,1,0.418918919,0.539877301,0.321212121,1,0,1,0,1,Ischemic
0,1,0,1,1,0.291262136,0.290983607,0,0.777027027,0.72392638,0.903030303,0,1,1,0,1,Hemorrhagic
1,1,0,1,0,0.631067961,0.442622951,1,0.412162162,0.54601227,0.503030303,1,0,1,0,1,Ischemic
1,1,0,0,1,0.257281553,0.319672131,0,0.418918919,0.490797546,0.315151515,1,0,1,0,1,Ischemic
0,0,0,0,0,0.242718447,0.454918033,0,0.452702703,0.509202454,0.896969697,1,0,1,1,1,Ischemic
1,1,1,0,1,0.597087379,0.483606557,1,0.567567568,0.662576687,0.03030303,1,0,0,0,1,Ischemic
1,0,1,0,0,0.470873786,0.598360656,1,0.5,0.521472393,0.03030303,1,0,0,0,1,Ischemic
1,1,0,0,1,0.087378641,0.668032787,0,0.391891892,0.441717791,0.6,1,0,0,1,1,Ischemic
1,0,1,1,0,0.281553398,0.368852459,0,0.459459459,0.484662577,0.793939394,1,0,1,0,1,Ischemic
1,0,1,0,0,0.461165049,0.168032787,1,0.216216216,0.282208589,0.751515152,1,0,1,0,0,Ischemic
1,1,0,1,1,0.548543689,0.487704918,0,0.439189189,0.45398773,0.078787879,1,0,1,1,1,Ischemic
1,0,0,0,1,0.252427184,0.536885246,1,0.195945946,0.233128834,0.951515152,1,0,1,1,0,Ischemic
1,1,0,0,1,0,0.528688525,1,0.283783784,0.312883436,0.703030303,1,0,1,1,1,Ischemic
1,1,1,0,1,0.485436893,0.43442623,0,0,0.134969325,0.951515152,1,0,1,0,0,Ischemic
1,0,1,0,1,0.150485437,0.508196721,1,0.391891892,0.429447853,0.327272727,1,0,1,1,1,Ischemic
1,0,0,0,0,0,0.737704918,1,0.25,0.226993865,0.690909091,1,0,1,0,0,Ischemic
0,1,0,0,0,0,0.553278689,1,0.486486486,0.570552147,0.860606061,1,0,0,0,1,Ischemic
1,0,0,0,0,0.54368932,0.430327869,0,0.385135135,0.355828221,0.381818182,1,0,1,0,1,Ischemic
0,0,0,1,0,0.257281553,0.303278689,1,0.486486486,0.539877301,0.963636364,0,0,1,1,1,No_Stroke
1,1,0,0,0,0.339805825,0.463114754,0,0.189189189,0.190184049,0.266666667,1,0,0,0,0,Ischemic
1,1,1,1,0,0.441747573,0.569672131,1,0.675675676,0.693251534,0.315151515,0,1,0,1,1,Hemorrhagic
1,1,1,1,1,0.509708738,0.459016393,1,0.621621622,0.588957055,0.921212121,1,0,1,1,1,Ischemic
0,1,1,0,1,0.699029126,0.487704918,0,0.439189189,0.515337423,0.96969697,1,0,1,0,1,Ischemic
1,1,1,1,0,0.038834951,0.307377049,1,0.641891892,0.582822086,0.284848485,0,1,0,1,1,Hemorrhagic
1,0,1,0,0,0.378640777,0.668032787,1,0.358108108,0.417177914,0.139393939,1,0,1,0,1,Ischemic
1,0,0,1,0,0.072815534,0.81147541,1,0.263513514,0.380368098,0.757575758,1,0,1,0,1,Ischemic
1,1,1,0,0,0.339805825,0.56557377,1,0.439189189,0.45398773,0.927272727,1,0,1,0,1,Ischemic
1,1,0,0,0,0.339805825,0.504098361,0,0.128378378,0.159509202,0.6,1,0,0,1,0,Ischemic
0,0,0,0,0,0.330097087,0.37295082,0,0.277027027,0.26993865,0.636363636,0,0,1,0,1,No_Stroke
0,1,0,1,1,0.247572816,0.073770492,0,0.297297297,0.404907975,0.763636364,0,1,1,1,1,Hemorrhagic
0,0,0,0,0,0.330097087,0.459016393,0,0.236486486,0.355828221,0.151515152,0,0,1,1,1,No_Stroke
1,1,0,0,0,0.524271845,0.512295082,1,0.418918919,0.392638037,0.975757576,1,0,1,1,1,Ischemic
1,0,0,1,1,0.553398058,0.418032787,1,0.608108108,0.625766871,0.363636364,0,1,0,0,1,Hemorrhagic
0,0,0,0,0,0.194174757,0.278688525,1,0.344594595,0.36196319,0.63030303,0,0,0,0,1,No_Stroke
1,1,0,0,0,0.203883495,0.426229508,1,0.358108108,0.355828221,0.466666667,1,0,1,0,1,Ischemic
1,0,1,1,1,0.432038835,0.422131148,1,0.081081081,0.202453988,0.466666667,1,0,1,1,0,Ischemic
0,1,1,1,0,0.121359223,0.491803279,1,0.486486486,0.54601227,0.703030303,0,1,1,1,1,Hemorrhagic
1,1,0,1,0,0.674757282,0.426229508,1,0.243243243,0.239263804,0.993939394,1,0,1,1,0,Ischemic
1,1,0,1,1,0.199029126,0.62295082,0,0.445945946,0.429447853,0.660606061,0,1,0,1,1,Hemorrhagic
1,0,0,0,0,0.276699029,0.56147541,1,0.412162162,0.527607362,0.793939394,1,0,0,0,1,Ischemic
1,0,0,0,1,0.169902913,0.209016393,0,0.418918919,0.496932515,0.03030303,0,1,1,1,1,Hemorrhagic
1,1,0,1,0,0.524271845,0.467213115,0,0.25,0.36809816,0.812121212,1,0,0,0,1,Ischemic
1,0,1,0,1,0.354368932,0.381147541,0,0.054054054,0.18404908,0.296969697,1,0,0,0,0,Ischemic
1,1,0,1,0,0.262135922,0.131147541,1,0.297297297,0.319018405,0.127272727,1,0,1,1,1,Ischemic
0,0,0,1,0,0.480582524,0.56147541,1,0.391891892,0.36809816,0.115151515,0,1,0,1,1,Hemorrhagic
1,0,0,0,1,0.218446602,0.606557377,1,0.344594595,0.441717791,0.678787879,1,0,0,0,1,Ischemic
1,0,0,0,0,0.393203883,0.577868852,1,0.202702703,0.343558282,1,1,0,1,0,1,Ischemic
1,1,0,0,0,0.514563107,0.516393443,0,0.351351351,0.447852761,0.666666667,1,0,0,0,1,Ischemic
0,1,0,1,0,0.004854369,0.196721311,1,0.52027027,0.558282209,0.260606061,0,1,0,1,1,Hemorrhagic
1,0,0,1,0,0.480582524,0.409836066,1,0.560810811,0.503067485,0.206060606,1,0,1,0,1,Ischemic
1,0,0,0,0,0.087378641,0.471311475,0,0.601351351,0.595092025,0.527272727,0,1,1,1,1,Hemorrhagic
1,1,0,0,0,0.54368932,0.31557377,1,0.087837838,0.251533742,0.066666667,1,0,1,0,0,Ischemic
1,0,0,1,1,0.199029126,0.073770492,0,0.162162162,0.245398773,0.4,1,0,1,0,0,Ischemic
1,1,0,0,0,0.519417476,0.450819672,1,0.344594595,0.355828221,0.666666667,1,0,0,0,1,Ischemic
1,1,1,1,0,0.601941748,0.467213115,0,0.209459459,0.257668712,0.96969697,1,0,1,0,0,Ischemic
0,0,0,1,0,0.36407767,0.385245902,0,0.135135135,0.208588957,0.424242424,0,1,0,1,0,Hemorrhagic
0,0,0,0,0,0.436893204,0.610655738,1,0.513513514,0.601226994,0.2,1,0,1,1,1,Ischemic
0,1,0,0,1,0.339805825,0.594262295,0,0.432432432,0.478527607,0.818181818,1,0,1,0,1,Ischemic
1,0,0,1,0,0.155339806,0.397540984,0,0.608108108,0.576687117,0.745454545,0,1,0,1,1,Hemorrhagic
1,1,0,0,1,0.669902913,0.68442623,1,0.25,0.386503067,0.860606061,1,0,1,1,1,Ischemic
1,0,1,0,0,0.252427184,0.241803279,0,0.391891892,0.349693252,0.212121212,1,0,1,0,1,Ischemic
0,0,0,0,0,0.087378641,0.430327869,1,0.236486486,0.233128834,0.406060606,0,0,0,0,0,No_Stroke
1,0,0,0,1,0.514563107,0.594262295,1,0.364864865,0.423312883,0.981818182,1,0,1,0,1,Ischemic
1,1,0,0,1,0.233009709,0.286885246,1,0.209459459,0.245398773,0.157575758,1,0,0,1,0,Ischemic
0,1,0,0,0,0.101941748,0.180327869,1,0.540540541,0.644171779,0.672727273,0,0,0,0,1,No_Stroke
1,0,1,0,1,0.106796117,0.368852459,0,0.121621622,0.263803681,0.236363636,1,0,1,0,0,Ischemic
0,0,1,0,0,0.291262136,0.381147541,0,0.5,0.613496933,0.503030303,1,0,0,1,1,Ischemic
1,0,0,0,0,0.368932039,0.614754098,1,0.337837838,0.45398773,0.8,1,0,1,1,1,Ischemic
1,0,0,1,1,0.276699029,0.290983607,1,0.472972973,0.45398773,0.490909091,0,1,1,0,1,Hemorrhagic
1,0,1,0,0,0.572815534,0.348360656,0,0.358108108,0.435582822,0.806060606,1,0,0,0,1,Ischemic
1,0,0,0,0,0.490291262,0.389344262,1,0.432432432,0.521472393,0.424242424,1,0,0,1,1,Ischemic
1,1,0,0,1,0.213592233,0.504098361,1,0.722972973,0.674846626,1,0,1,1,0,1,Hemorrhagic
1,0,0,1,0,0.213592233,0.368852459,1,0.581081081,0.693251534,0.436363636,0,1,1,0,1,Hemorrhagic
0,0,1,1,1,0.485436893,0.459016393,1,0.216216216,0.202453988,0.151515152,1,0,0,1,0,Ischemic
0,1,0,0,1,0.631067961,0.471311475,0,0.344594595,0.392638037,0.4,1,0,1,1,1,Ischemic
1,0,0,0,1,0.412621359,0.700819672,1,0.581081081,0.552147239,0.745454545,1,0,1,1,1,Ischemic
1,1,1,1,1,0.169902913,0.274590164,0,0.716216216,0.656441718,0.848484848,0,1,0,0,1,Hemorrhagic
1,0,0,0,0,0.194174757,0.704918033,1,0.459459459,0.533742331,0.460606061,1,0,1,1,1,Ischemic
0,1,0,1,0,0.106796117,0.524590164,1,0.439189189,0.466257669,0.593939394,1,0,1,0,1,Ischemic
0,1,0,1,1,0.334951456,0.348360656,1,0.628378378,0.705521472,0.842424242,0,1,1,0,1,Hemorrhagic
1,1,0,1,0,0.325242718,0.676229508,0,0.695945946,0.779141104,0.812121212,0,1,1,1,1,Hemorrhagic
1,1,1,0,1,0.5,0.31557377,1,0.27027027,0.245398773,0.660606061,1,0,1,1,1,Ischemic
1,0,0,0,1,0.223300971,0.323770492,1,0.351351351,0.45398773,0.812121212,0,1,0,0,1,Hemorrhagic
1,1,0,0,0,0.660194175,0.286885246,1,0.344594595,0.36196319,0.575757576,1,0,0,0,1,Ischemic
1,0,0,0,0,0.169902913,0.483606557,1,0.425675676,0.392638037,0.006060606,0,1,1,0,1,Hemorrhagic
0,0,1,0,1,0.572815534,0.766393443,0,0.189189189,0.312883436,0.042424242,1,0,0,1,1,Ischemic
1,0,1,0,0,0.378640777,0.762295082,1,0.236486486,0.245398773,0.981818182,1,0,1,1,0,Ischemic
0,1,0,1,1,0.150485437,0.516393443,1,0.871621622,0.963190184,0.145454545,0,1,0,0,1,Hemorrhagic
1,0,0,0,0,0.5,0.459016393,1,0.351351351,0.319018405,0.406060606,1,0,1,0,1,Ischemic
1,1,1,0,1,0.466019417,0.430327869,0,0.385135135,0.460122699,0.933333333,1,0,1,0,1,Ischemic
1,1,0,1,1,0.291262136,0.159836066,0,0.371621622,0.435582822,0.193939394,0,1,0,0,1,Hemorrhagic
1,1,1,1,1,0.252427184,0.618852459,1,0.290540541,0.36809816,0.842424242,0,1,1,1,1,Hemorrhagic
1,1,1,0,1,0.378640777,0.56557377,1,0.222972973,0.374233129,0.818181818,1,0,1,1,1,Ischemic
1,1,1,1,0,0.849514563,0.409836066,0,0.527027027,0.527607362,0.987878788,1,0,1,0,1,Ischemic
1,0,0,0,0,0.616504854,0.709016393,0,0.378378378,0.429447853,0.278787879,1,0,0,0,1,Ischemic
1,0,0,0,1,0.524271845,0.331967213,1,0.412162162,0.54601227,0.315151515,1,0,0,0,1,Ischemic
1,0,1,0,0,0.40776699,0.557377049,0,0.432432432,0.552147239,0.903030303,1,0,1,0,1,Ischemic
1,0,0,0,1,0.582524272,0.463114754,1,0.256756757,0.251533742,0.236363636,1,0,1,0,0,Ischemic
0,0,0,0,1,0.315533981,0.446721311,1,0.52027027,0.558282209,0.545454545,0,0,0,1,1,No_Stroke
1,0,1,0,1,0.393203883,0.479508197,1,0.25,0.349693252,0.709090909,1,0,1,0,1,Ischemic
1,1,1,0,1,0.325242718,0.25,0,0.527027027,0.570552147,0.272727273,1,0,1,0,1,Ischemic
1,1,0,1,1,0.368932039,0.504098361,1,0.391891892,0.355828221,0.939393939,1,0,1,1,1,Ischemic
0,0,0,0,1,0,0.495901639,0,0.094594595,0.122699387,0.666666667,0,0,0,0,0,No_Stroke
1,1,0,0,0,0.427184466,0.483606557,1,0.236486486,0.220858896,0.048484848,1,0,1,1,0,Ischemic
1,0,1,0,0,0.291262136,0.618852459,0,0.094594595,0.128834356,0.133333333,1,0,0,1,0,Ischemic
1,1,1,0,0,0.694174757,0.319672131,1,0.493243243,0.478527607,0.187878788,1,0,1,1,1,Ischemic
1,1,0,0,1,0.388349515,0.483606557,1,0.331081081,0.429447853,0.242424242,1,0,0,0,1,Ischemic
1,1,0,0,0,0.155339806,0.389344262,1,0.033783784,0.073619632,0.733333333,1,0,1,1,0,Ischemic
1,0,1,1,1,0.233009709,0.459016393,1,0.587837838,0.687116564,0.090909091,0,1,0,0,1,Hemorrhagic
0,1,0,0,0,0.087378641,0.368852459,1,0.263513514,0.294478528,0.351515152,0,0,1,1,1,No_Stroke
1,1,0,0,1,0.475728155,0.602459016,1,0.135135135,0.17791411,0.909090909,1,0,1,1,0,Ischemic
1,1,1,0,0,0.441747573,0.668032787,1,0.560810811,0.650306748,0.557575758,1,0,1,0,1,Ischemic
0,0,0,1,0,0.378640777,0.450819672,1,0.351351351,0.490797546,0.266666667,0,0,1,0,1,No_Stroke
1,1,0,1,1,0.126213592,0.401639344,0,0.5,0.460122699,0.957575758,0,1,1,1,1,Hemorrhagic
1,0,0,0,0,0.393203883,0.327868852,1,0.283783784,0.325153374,0.242424242,1,0,1,1,1,Ischemic
1,0,0,0,0,0.121359223,0.487704918,0,0.128378378,0.257668712,0.903030303,1,0,1,1,0,Ischemic
1,0,1,0,1,0.524271845,0.401639344,0,0.155405405,0.134969325,0.727272727,1,0,1,1,0,Ischemic
1,1,0,0,0,0.485436893,0.43442623,0,0.506756757,0.552147239,0.739393939,1,0,1,1,1,Ischemic
0,1,1,1,0,0.310679612,0.319672131,0,0.472972973,0.539877301,0.763636364,0,1,0,1,1,Hemorrhagic
1,0,0,0,1,0.242718447,0.245901639,1,0.337837838,0.380368098,0.509090909,0,0,0,0,1,No_Stroke
1,1,0,0,0,0.300970874,0.12704918,1,0.060810811,0.17791411,0.812121212,0,0,0,0,0,No_Stroke
1,1,0,0,1,0.699029126,0.381147541,1,0.155405405,0.147239264,0.836363636,1,0,0,1,0,Ischemic
1,1,0,0,0,0.330097087,0.520491803,1,0.418918919,0.423312883,0.357575758,1,0,1,0,1,Ischemic
0,0,0,0,0,0.262135922,0.200819672,1,0.385135135,0.484662577,0.4,0,0,0,1,1,No_Stroke
1,1,0,1,1,0.082524272,0.368852459,1,0.777027027,0.797546012,0.890909091,0,1,1,0,1,Hemorrhagic
0,0,0,0,1,0.218446602,0.803278689,0,0.513513514,0.472392638,0.527272727,1,0,0,1,1,Ischemic
0,0,0,0,0,0.252427184,0.491803279,1,0.304054054,0.349693252,0.866666667,0,0,1,0,1,No_Stroke
0,0,1,0,0,0.402912621,0.569672131,1,0.601351351,0.674846626,0.624242424,0,1,1,0,1,Hemorrhagic
1,1,1,1,0,0.334951456,0.553278689,1,0.290540541,0.26993865,0.593939394,1,0,1,0,1,Ischemic
1,0,1,1,0,0.339805825,0.680327869,1,0.614864865,0.63803681,0.03030303,1,0,0,0,1,Ischemic
1,1,0,0,0,0.305825243,0.37295082,1,0.486486486,0.54601227,0.278787879,1,0,1,1,1,Ischemic
0,1,0,0,0,0.281553398,0.385245902,0,0.358108108,0.429447853,0.503030303,1,0,0,1,1,Ischemic
1,0,1,0,0,0.441747573,0.040983607,0,0.364864865,0.337423313,0.587878788,1,0,1,1,1,Ischemic
0,0,0,1,1,0.024271845,0.512295082,1,0.72972973,0.668711656,0.63030303,0,1,1,0,1,Hemorrhagic
1,1,0,0,0,0.63592233,0.741803279,1,0.412162162,0.521472393,0.715151515,1,0,0,0,1,Ischemic
0,1,1,0,1,0.257281553,0.397540984,1,0.547297297,0.644171779,0.654545455,1,0,0,0,1,Ischemic
1,1,1,0,1,0.524271845,0.446721311,0,0.040540541,0.128834356,0.848484848,1,0,0,0,0,Ischemic
1,1,0,0,1,0.140776699,0.364754098,0,0.398648649,0.503067485,0.296969697,1,0,0,0,1,Ischemic
0,0,0,0,0,0.339805825,0.413934426,1,0.263513514,0.374233129,0.642424242,0,0,0,0,1,No_Stroke
1,0,1,0,1,0.514563107,0.672131148,1,0.574324324,0.558282209,0.048484848,1,0,1,1,1,Ischemic
1,0,0,0,1,0.461165049,0.204918033,1,0.540540541,0.539877301,0.478787879,1,0,1,1,1,Ischemic
1,1,1,1,1,0.097087379,0.418032787,0,0.540540541,0.564417178,0.266666667,0,1,1,1,1,Hemorrhagic
1,0,1,1,1,0.432038835,0.442622951,0,0.540540541,0.503067485,0.381818182,1,0,1,1,1,Ischemic
1,1,1,1,1,0.155339806,0.508196721,1,0.574324324,0.644171779,0.357575758,1,0,1,0,1,Ischemic
1,1,0,0,1,0.334951456,0.56557377,0,0.344594595,0.355828221,0.060606061,1,0,0,1,1,Ischemic
