class_weight,criterion,max_depth,min_samples_leaf,min_samples_split,f1_macro_cv,precision_macro_cv,recall_macro_cv,roc_auc_cv,train_accuracy
,gini,3.0,1,2,0.5875191554479907,0.66112170135801,0.6624653192850448,0.8573325005412581,0.6989942528735632
,gini,3.0,1,5,0.5875191554479907,0.66112170135801,0.6624653192850448,0.8573325005412581,0.6989942528735632
,gini,3.0,1,10,0.5875191554479907,0.66112170135801,0.6624653192850448,0.8573325005412581,0.6989942528735632
,gini,3.0,2,2,0.5875191554479907,0.66112170135801,0.6624653192850448,0.8573325005412581,0.6989942528735632
,gini,3.0,2,5,0.5875191554479907,0.66112170135801,0.6624653192850448,0.8573325005412581,0.6989942528735632
,gini,3.0,2,10,0.5875191554479907,0.66112170135801,0.6624653192850448,0.8573325005412581,0.6989942528735632
,gini,3.0,5,2,0.586604584027663,0.6596455108818196,0.660798652618378,0.8555666595082776,0.6982758620689655
,gini,3.0,5,5,0.586604584027663,0.6596455108818196,0.660798652618378,0.8555666595082776,0.6982758620689655
,gini,3.0,5,10,0.586604584027663,0.6596455108818196,0.660798652618378,0.8555666595082776,0.6982758620689655
,gini,5.0,1,2,0.6664137892506912,0.6925126815091837,0.7145425318365137,0.8775494314478396,0.7794540229885057
,gini,5.0,1,5,0.6664137892506912,0.6925126815091837,0.7145425318365137,0.8764481587592808,0.7794540229885057
,gini,5.0,1,10,0.6627124928349704,0.6902128390310976,0.7117056524038896,0.8748138711125778,0.7787356321839081
,gini,5.0,2,2,0.6652623346648595,0.691141423887926,0.712875865169847,0.8770978943192265,0.7794540229885057
,gini,5.0,2,5,0.6652623346648595,0.691141423887926,0.712875865169847,0.8759966216306678,0.7794540229885057
,gini,5.0,2,10,0.6615749075764541,0.6888275031434273,0.710038985737223,0.8743406194702221,0.7787356321839081
,gini,5.0,5,2,0.6567409365928893,0.6867229588090111,0.7055354396379322,0.8737827201759754,0.7722701149425287
,gini,5.0,5,5,0.6567409365928893,0.6867229588090111,0.7055354396379322,0.8737827201759754,0.7722701149425287
,gini,5.0,5,10,0.6567409365928893,0.6867229588090111,0.7055354396379322,0.8737827201759754,0.7722701149425287
,gini,10.0,1,2,0.7633960172574569,0.7595023875980352,0.786991396056886,0.8808977726082239,0.9353448275862069
,gini,10.0,1,5,0.7549349192216761,0.7512087615206916,0.7770825395618522,0.8848706096080765,0.9288793103448276
,gini,10.0,1,10,0.7494606613306904,0.745461666026185,0.7731472329349105,0.890264583891662,0.9202586206896551
,gini,10.0,2,2,0.7505628805540796,0.7461655793795672,0.767519117396514,0.8841301387373157,0.9295977011494253
,gini,10.0,2,5,0.7525499982320171,0.7480509289369692,0.7694229650937671,0.8880606808844689,0.9267241379310345
,gini,10.0,2,10,0.7435064346643154,0.7390692008284094,0.7645881176692007,0.8905263855120393,0.9195402298850575
,gini,10.0,5,2,0.7295966161658208,0.7258869302043878,0.7507552503906083,0.890390128943759,0.8994252873563219
,gini,10.0,5,5,0.7295966161658208,0.7258869302043878,0.7507552503906083,0.890390128943759,0.8994252873563219
,gini,10.0,5,10,0.7295966161658208,0.7258869302043878,0.7507552503906083,0.890390128943759,0.8994252873563219
,gini,20.0,1,2,0.7883039882923925,0.7826767987066278,0.800839170751099,0.8631520873079787,1.0
,gini,20.0,1,5,0.7817003167229484,0.7785748222427035,0.7909310781071137,0.8718677269083319,0.9870689655172413
,gini,20.0,1,10,0.7645091753207398,0.7602982129324677,0.774701952595709,0.8819330986586538,0.9662356321839081
,gini,20.0,2,2,0.7712673505333614,0.772619030412966,0.7744342574170993,0.8837688033177095,0.9820402298850575
,gini,20.0,2,5,0.7689911035976386,0.7682392395165272,0.7728302218429953,0.881444621775976,0.978448275862069
,gini,20.0,2,10,0.7540123705125789,0.749873211990443,0.7630731487700239,0.8855285166238464,0.9597701149425287
,gini,20.0,5,2,0.7476701059412505,0.7428460961050101,0.7629798639007515,0.8902070823364264,0.9310344827586207
,gini,20.0,5,5,0.7476701059412505,0.7428460961050101,0.7629798639007515,0.8902070823364264,0.9310344827586207
,gini,20.0,5,10,0.7476701059412505,0.7428460961050101,0.7629798639007515,0.8902070823364264,0.9310344827586207
,gini,,1,2,0.7872975338600233,0.7819946351145732,0.8001299508929431,0.8618848929449033,1.0
,gini,,1,5,0.7840046497721165,0.7804611483784043,0.794264411440447,0.8731318000093408,0.9870689655172413
,gini,,1,10,0.7619825460499244,0.7578021961417087,0.7723260660708863,0.8800308260274535,0.9662356321839081
,gini,,2,2,0.7714111851654636,0.7731487981910175,0.7744342574170993,0.8839716335972387,0.9820402298850575
,gini,,2,5,0.7721395217810894,0.7711020308591047,0.7759153282259741,0.8818895936368645,0.978448275862069
,gini,,2,10,0.7548359518253618,0.75067079742778,0.7637823686281798,0.8859092845869487,0.9597701149425287
,gini,,5,2,0.7484377827089272,0.7436072636586304,0.7636890837589074,0.8907244345131898,0.9310344827586207
,gini,,5,5,0.7484377827089272,0.7436072636586304,0.7636890837589074,0.8907244345131898,0.9310344827586207
,gini,,5,10,0.7484377827089272,0.7436072636586304,0.7636890837589074,0.8907244345131898,0.9310344827586207
,entropy,3.0,1,2,0.5942777470074394,0.6549065058537599,0.6590610639658958,0.8549689451365398,0.6954022988505747
,entropy,3.0,1,5,0.5942777470074394,0.6549065058537599,0.6590610639658958,0.8549689451365398,0.6954022988505747
,entropy,3.0,1,10,0.5942777470074394,0.6549065058537599,0.6590610639658958,0.8549689451365398,0.6954022988505747
,entropy,3.0,2,2,0.5942777470074394,0.6549065058537599,0.6590610639658958,0.8549689451365398,0.6954022988505747
,entropy,3.0,2,5,0.5942777470074394,0.6549065058537599,0.6590610639658958,0.8549689451365398,0.6954022988505747
,entropy,3.0,2,10,0.5942777470074394,0.6549065058537599,0.6590610639658958,0.8549689451365398,0.6954022988505747
,entropy,3.0,5,2,0.5942777470074394,0.6549065058537599,0.6590610639658958,0.8559601945502736,0.694683908045977
,entropy,3.0,5,5,0.5942777470074394,0.6549065058537599,0.6590610639658958,0.8559601945502736,0.694683908045977
,entropy,3.0,5,10,0.5942777470074394,0.6549065058537599,0.6590610639658958,0.8559601945502736,0.694683908045977
,entropy,5.0,1,2,0.6540451794687387,0.6870921187443748,0.7048180755553115,0.8733684682392221,0.7413793103448276
,entropy,5.0,1,5,0.6540451794687387,0.6870921187443748,0.7048180755553115,0.8732816101842517,0.7413793103448276
,entropy,5.0,1,10,0.6525743225604711,0.685959252131632,0.7033688001929927,0.8733818077343495,0.7413793103448276
,entropy,5.0,2,2,0.6529888513256562,0.6858031871358469,0.7031514088886449,0.8727821763681722,0.7413793103448276
,entropy,5.0,2,5,0.6529888513256562,0.6858031871358469,0.7031514088886449,0.8726953183132018,0.7413793103448276
,entropy,5.0,2,10,0.6515179944173886,0.6846703205231041,0.701702133526326,0.8727955158632994,0.7413793103448276
,entropy,5.0,5,2,0.6482995678917467,0.6838142795557751,0.6978923894621879,0.8723237796716861,0.7392241379310345
,entropy,5.0,5,5,0.6482995678917467,0.6838142795557751,0.6978923894621879,0.8723237796716861,0.7392241379310345
,entropy,5.0,5,10,0.6482995678917467,0.6838142795557751,0.6978923894621879,0.8723237796716861,0.7392241379310345
,entropy,10.0,1,2,0.7427135624651641,0.7417913617521318,0.7640699685213581,0.8703495105904719,0.9461206896551724
,entropy,10.0,1,5,0.7300101180517481,0.7300641649800725,0.7502937153949659,0.8646666378981391,0.944683908045977
,entropy,10.0,1,10,0.7257168279691519,0.7253104012508748,0.745832404039892,0.872491867447893,0.9324712643678161
,entropy,10.0,2,2,0.7282205377453851,0.7288548763213035,0.7433158586272458,0.871507299778149,0.9375
,entropy,10.0,2,5,0.7286356087435879,0.7281940481862497,0.7442803326307311,0.870555575406842,0.9382183908045977
,entropy,10.0,2,10,0.7214688581834044,0.7207516514551325,0.7394183362268152,0.8741699093099106,0.9267241379310345
,entropy,10.0,5,2,0.7067190525857343,0.7072037044788487,0.7243741384675388,0.8724600549365699,0.9116379310344828
,entropy,10.0,5,5,0.7067190525857343,0.7072037044788487,0.7243741384675388,0.8724600549365699,0.9116379310344828
,entropy,10.0,5,10,0.7067190525857343,0.7072037044788487,0.7243741384675388,0.8724600549365699,0.9116379310344828
,entropy,20.0,1,2,0.7794848329099011,0.7764689823780732,0.7895099044845918,0.8544434660610104,1.0
,entropy,20.0,1,5,0.7694861810786167,0.7693716175046994,0.7754523441427056,0.8556470267356872,0.992816091954023
,entropy,20.0,1,10,0.7499804038130413,0.748182948975331,0.7605154821226001,0.8662632982631076,0.9698275862068966
,entropy,20.0,2,2,0.7620057476461936,0.7645083662488943,0.7634084441797366,0.8661186941959146,0.9834770114942529
,entropy,20.0,2,5,0.7651158104373341,0.7669158156790232,0.769394677964622,0.8681133806664313,0.9820402298850575
,entropy,20.0,2,10,0.7476568869234168,0.7486521374716097,0.7558341241714387,0.8728451337586612,0.9626436781609196
,entropy,20.0,5,2,0.7218996652275214,0.7201418647345695,0.7361519953291271,0.8691309584419521,0.9360632183908046
,entropy,20.0,5,5,0.7218996652275214,0.7201418647345695,0.7361519953291271,0.8691309584419521,0.9360632183908046
,entropy,20.0,5,10,0.7218996652275214,0.7201418647345695,0.7361519953291271,0.8691309584419521,0.9360632183908046
,entropy,,1,2,0.7794848329099011,0.7764689823780732,0.7895099044845918,0.8544434660610104,1.0
,entropy,,1,5,0.7694861810786167,0.7693716175046994,0.7754523441427056,0.8556470267356872,0.992816091954023
,entropy,,1,10,0.7499804038130413,0.748182948975331,0.7605154821226001,0.8662632982631076,0.9698275862068966
,entropy,,2,2,0.7620057476461936,0.7645083662488943,0.7634084441797366,0.8661186941959146,0.9834770114942529
,entropy,,2,5,0.7651158104373341,0.7669158156790232,0.769394677964622,0.8681133806664313,0.9820402298850575
,entropy,,2,10,0.7476568869234168,0.7486521374716097,0.7558341241714387,0.8728451337586612,0.9626436781609196
,entropy,,5,2,0.7218996652275214,0.7201418647345695,0.7361519953291271,0.8691309584419521,0.9360632183908046
,entropy,,5,5,0.7218996652275214,0.7201418647345695,0.7361519953291271,0.8691309584419521,0.9360632183908046
,entropy,,5,10,0.7218996652275214,0.7201418647345695,0.7361519953291271,0.8691309584419521,0.9360632183908046
balanced,gini,3.0,1,2,0.5875191554479907,0.66112170135801,0.6624653192850448,0.8573325005412581,0.6989942528735632
balanced,gini,3.0,1,5,0.5875191554479907,0.66112170135801,0.6624653192850448,0.8573325005412581,0.6989942528735632
balanced,gini,3.0,1,10,0.5875191554479907,0.66112170135801,0.6624653192850448,0.8573325005412581,0.6989942528735632
balanced,gini,3.0,2,2,0.5875191554479907,0.66112170135801,0.6624653192850448,0.8573325005412581,0.6989942528735632
balanced,gini,3.0,2,5,0.5875191554479907,0.66112170135801,0.6624653192850448,0.8573325005412581,0.6989942528735632
balanced,gini,3.0,2,10,0.5875191554479907,0.66112170135801,0.6624653192850448,0.8573325005412581,0.6989942528735632
balanced,gini,3.0,5,2,0.586604584027663,0.6596455108818196,0.660798652618378,0.8555666595082776,0.6982758620689655
balanced,gini,3.0,5,5,0.586604584027663,0.6596455108818196,0.660798652618378,0.8555666595082776,0.6982758620689655
balanced,gini,3.0,5,10,0.586604584027663,0.6596455108818196,0.660798652618378,0.8555666595082776,0.6982758620689655
balanced,gini,5.0,1,2,0.6664137892506912,0.6925126815091837,0.7145425318365137,0.8775494314478396,0.7794540229885057
balanced,gini,5.0,1,5,0.6664137892506912,0.6925126815091837,0.7145425318365137,0.8764481587592808,0.7794540229885057
balanced,gini,5.0,1,10,0.6627124928349704,0.6902128390310976,0.7117056524038896,0.8748138711125778,0.7787356321839081
balanced,gini,5.0,2,2,0.6652623346648595,0.691141423887926,0.712875865169847,0.8770978943192265,0.7794540229885057
balanced,gini,5.0,2,5,0.6652623346648595,0.691141423887926,0.712875865169847,0.8759966216306678,0.7794540229885057
balanced,gini,5.0,2,10,0.6615749075764541,0.6888275031434273,0.710038985737223,0.8743406194702221,0.7787356321839081
balanced,gini,5.0,5,2,0.6567409365928893,0.6867229588090111,0.7055354396379322,0.8737827201759754,0.7722701149425287
balanced,gini,5.0,5,5,0.6567409365928893,0.6867229588090111,0.7055354396379322,0.8737827201759754,0.7722701149425287
balanced,gini,5.0,5,10,0.6567409365928893,0.6867229588090111,0.7055354396379322,0.8737827201759754,0.7722701149425287
balanced,gini,10.0,1,2,0.7633960172574569,0.7595023875980352,0.786991396056886,0.8808977726082239,0.9353448275862069
balanced,gini,10.0,1,5,0.7549349192216761,0.7512087615206916,0.7770825395618522,0.8848706096080765,0.9288793103448276
balanced,gini,10.0,1,10,0.7494606613306904,0.745461666026185,0.7731472329349105,0.890264583891662,0.9202586206896551
balanced,gini,10.0,2,2,0.7505628805540796,0.7461655793795672,0.767519117396514,0.8841301387373157,0.9295977011494253
balanced,gini,10.0,2,5,0.7525499982320171,0.7480509289369692,0.7694229650937671,0.8880606808844689,0.9267241379310345
balanced,gini,10.0,2,10,0.7435064346643154,0.7390692008284094,0.7645881176692007,0.8905263855120393,0.9195402298850575
balanced,gini,10.0,5,2,0.7295966161658208,0.7258869302043878,0.7507552503906083,0.890390128943759,0.8994252873563219
balanced,gini,10.0,5,5,0.7295966161658208,0.7258869302043878,0.7507552503906083,0.890390128943759,0.8994252873563219
balanced,gini,10.0,5,10,0.7295966161658208,0.7258869302043878,0.7507552503906083,0.890390128943759,0.8994252873563219
balanced,gini,20.0,1,2,0.7883039882923925,0.7826767987066278,0.800839170751099,0.8631520873079787,1.0
balanced,gini,20.0,1,5,0.7817003167229484,0.7785748222427035,0.7909310781071137,0.8718677269083319,0.9870689655172413
balanced,gini,20.0,1,10,0.7645091753207398,0.7602982129324677,0.774701952595709,0.8819330986586538,0.9662356321839081
balanced,gini,20.0,2,2,0.7712673505333614,0.772619030412966,0.7744342574170993,0.8837688033177095,0.9820402298850575
balanced,gini,20.0,2,5,0.7689911035976386,0.7682392395165272,0.7728302218429953,0.881444621775976,0.978448275862069
balanced,gini,20.0,2,10,0.7540123705125789,0.749873211990443,0.7630731487700239,0.8855285166238464,0.9597701149425287
balanced,gini,20.0,5,2,0.7476701059412505,0.7428460961050101,0.7629798639007515,0.8902070823364264,0.9310344827586207
balanced,gini,20.0,5,5,0.7476701059412505,0.7428460961050101,0.7629798639007515,0.8902070823364264,0.9310344827586207
balanced,gini,20.0,5,10,0.7476701059412505,0.7428460961050101,0.7629798639007515,0.8902070823364264,0.9310344827586207
balanced,gini,,1,2,0.7872975338600233,0.7819946351145732,0.8001299508929431,0.8618848929449033,1.0
balanced,gini,,1,5,0.7840046497721165,0.7804611483784043,0.794264411440447,0.8731318000093408,0.9870689655172413
balanced,gini,,1,10,0.7619825460499244,0.7578021961417087,0.7723260660708863,0.8800308260274535,0.9662356321839081
balanced,gini,,2,2,0.7714111851654636,0.7731487981910175,0.7744342574170993,0.8839716335972387,0.9820402298850575
balanced,gini,,2,5,0.7721395217810894,0.7711020308591047,0.7759153282259741,0.8818895936368645,0.978448275862069
balanced,gini,,2,10,0.7548359518253618,0.75067079742778,0.7637823686281798,0.8859092845869487,0.9597701149425287
balanced,gini,,5,2,0.7484377827089272,0.7436072636586304,0.7636890837589074,0.8907244345131898,0.9310344827586207
balanced,gini,,5,5,0.7484377827089272,0.7436072636586304,0.7636890837589074,0.8907244345131898,0.9310344827586207
balanced,gini,,5,10,0.7484377827089272,0.7436072636586304,0.7636890837589074,0.8907244345131898,0.9310344827586207
balanced,entropy,3.0,1,2,0.5942777470074394,0.6549065058537599,0.6590610639658958,0.8549689451365398,0.6954022988505747
balanced,entropy,3.0,1,5,0.5942777470074394,0.6549065058537599,0.6590610639658958,0.8549689451365398,0.6954022988505747
balanced,entropy,3.0,1,10,0.5942777470074394,0.6549065058537599,0.6590610639658958,0.8549689451365398,0.6954022988505747
balanced,entropy,3.0,2,2,0.5942777470074394,0.6549065058537599,0.6590610639658958,0.8549689451365398,0.6954022988505747
balanced,entropy,3.0,2,5,0.5942777470074394,0.6549065058537599,0.6590610639658958,0.8549689451365398,0.6954022988505747
balanced,entropy,3.0,2,10,0.5942777470074394,0.6549065058537599,0.6590610639658958,0.8549689451365398,0.6954022988505747
balanced,entropy,3.0,5,2,0.5942777470074394,0.6549065058537599,0.6590610639658958,0.8559601945502736,0.694683908045977
balanced,entropy,3.0,5,5,0.5942777470074394,0.6549065058537599,0.6590610639658958,0.8559601945502736,0.694683908045977
balanced,entropy,3.0,5,10,0.5942777470074394,0.6549065058537599,0.6590610639658958,0.8559601945502736,0.694683908045977
balanced,entropy,5.0,1,2,0.6540451794687387,0.6870921187443748,0.7048180755553115,0.8733684682392221,0.7413793103448276
balanced,entropy,5.0,1,5,0.6540451794687387,0.6870921187443748,0.7048180755553115,0.8732816101842517,0.7413793103448276
balanced,entropy,5.0,1,10,0.6525743225604711,0.685959252131632,0.7033688001929927,0.8733818077343495,0.7413793103448276
balanced,entropy,5.0,2,2,0.6529888513256562,0.6858031871358469,0.7031514088886449,0.8727821763681722,0.7413793103448276
balanced,entropy,5.0,2,5,0.6529888513256562,0.6858031871358469,0.7031514088886449,0.8726953183132018,0.7413793103448276
balanced,entropy,5.0,2,10,0.6515179944173886,0.6846703205231041,0.701702133526326,0.8727955158632994,0.7413793103448276
balanced,entropy,5.0,5,2,0.6482995678917467,0.6838142795557751,0.6978923894621879,0.8723237796716861,0.7392241379310345
balanced,entropy,5.0,5,5,0.6482995678917467,0.6838142795557751,0.6978923894621879,0.8723237796716861,0.7392241379310345
balanced,entropy,5.0,5,10,0.6482995678917467,0.6838142795557751,0.6978923894621879,0.8723237796716861,0.7392241379310345
balanced,entropy,10.0,1,2,0.7427135624651641,0.7417913617521318,0.7640699685213581,0.8703495105904719,0.9461206896551724
balanced,entropy,10.0,1,5,0.7300101180517481,0.7300641649800725,0.7502937153949659,0.8646666378981391,0.944683908045977
balanced,entropy,10.0,1,10,0.7257168279691519,0.7253104012508748,0.745832404039892,0.872491867447893,0.9324712643678161
balanced,entropy,10.0,2,2,0.7282205377453851,0.7288548763213035,0.7433158586272458,0.871507299778149,0.9375
balanced,entropy,10.0,2,5,0.7286356087435879,0.7281940481862497,0.7442803326307311,0.870555575406842,0.9382183908045977
balanced,entropy,10.0,2,10,0.7214688581834044,0.7207516514551325,0.7394183362268152,0.8741699093099106,0.9267241379310345
balanced,entropy,10.0,5,2,0.7067190525857343,0.7072037044788487,0.7243741384675388,0.8724600549365699,0.9116379310344828
balanced,entropy,10.0,5,5,0.7067190525857343,0.7072037044788487,0.7243741384675388,0.8724600549365699,0.9116379310344828
balanced,entropy,10.0,5,10,0.7067190525857343,0.7072037044788487,0.7243741384675388,0.8724600549365699,0.9116379310344828
balanced,entropy,20.0,1,2,0.7794848329099011,0.7764689823780732,0.7895099044845918,0.8544434660610104,1.0
balanced,entropy,20.0,1,5,0.7694861810786167,0.7693716175046994,0.7754523441427056,0.8556470267356872,0.992816091954023
balanced,entropy,20.0,1,10,0.7499804038130413,0.748182948975331,0.7605154821226001,0.8662632982631076,0.9698275862068966
balanced,entropy,20.0,2,2,0.7620057476461936,0.7645083662488943,0.7634084441797366,0.8661186941959146,0.9834770114942529
balanced,entropy,20.0,2,5,0.7651158104373341,0.7669158156790232,0.769394677964622,0.8681133806664313,0.9820402298850575
balanced,entropy,20.0,2,10,0.7476568869234168,0.7486521374716097,0.7558341241714387,0.8728451337586612,0.9626436781609196
balanced,entropy,20.0,5,2,0.7218996652275214,0.7201418647345695,0.7361519953291271,0.8691309584419521,0.9360632183908046
balanced,entropy,20.0,5,5,0.7218996652275214,0.7201418647345695,0.7361519953291271,0.8691309584419521,0.9360632183908046
balanced,entropy,20.0,5,10,0.7218996652275214,0.7201418647345695,0.7361519953291271,0.8691309584419521,0.9360632183908046
balanced,entropy,,1,2,0.7794848329099011,0.7764689823780732,0.7895099044845918,0.8544434660610104,1.0
balanced,entropy,,1,5,0.7694861810786167,0.7693716175046994,0.7754523441427056,0.8556470267356872,0.992816091954023
balanced,entropy,,1,10,0.7499804038130413,0.748182948975331,0.7605154821226001,0.8662632982631076,0.9698275862068966
balanced,entropy,,2,2,0.7620057476461936,0.7645083662488943,0.7634084441797366,0.8661186941959146,0.9834770114942529
balanced,entropy,,2,5,0.7651158104373341,0.7669158156790232,0.769394677964622,0.8681133806664313,0.9820402298850575
balanced,entropy,,2,10,0.7476568869234168,0.7486521374716097,0.7558341241714387,0.8728451337586612,0.9626436781609196
balanced,entropy,,5,2,0.7218996652275214,0.7201418647345695,0.7361519953291271,0.8691309584419521,0.9360632183908046
balanced,entropy,,5,5,0.7218996652275214,0.7201418647345695,0.7361519953291271,0.8691309584419521,0.9360632183908046
balanced,entropy,,5,10,0.7218996652275214,0.7201418647345695,0.7361519953291271,0.8691309584419521,0.9360632183908046
