metric,n_neighbors,p,weights,accuracy_cv,f1_macro_cv,precision_macro_cv,recall_macro_cv,roc_auc_cv,train_accuracy
euclidean,3,1,uniform,0.8262332990750257,0.7797322365657885,0.7799750137226031,0.8008972234307731,0.9095270135154434,0.9626436781609196
euclidean,3,1,distance,0.8614131551901336,0.8160488143162274,0.8156468820585658,0.8327271301118767,0.9167780974433016,1.0
euclidean,3,2,uniform,0.8262332990750257,0.7797322365657885,0.7799750137226031,0.8008972234307731,0.9095270135154434,0.9626436781609196
euclidean,3,2,distance,0.8614131551901336,0.8160488143162274,0.8156468820585658,0.8327271301118767,0.9167780974433016,1.0
euclidean,5,1,uniform,0.7989414182939363,0.7454632402381384,0.7486624076534756,0.7701359396728982,0.9068477691836838,0.9152298850574713
euclidean,5,1,distance,0.8542497430626927,0.8064255810245701,0.8071056980053191,0.82658603638043,0.9250557233947403,1.0
euclidean,5,2,uniform,0.7989414182939363,0.7454632402381384,0.7486624076534756,0.7701359396728982,0.9068477691836838,0.9152298850574713
euclidean,5,2,distance,0.8542497430626927,0.8064255810245701,0.8071056980053191,0.82658603638043,0.9250557233947403,1.0
euclidean,7,1,uniform,0.7817112024665983,0.7125082987133503,0.723358220725887,0.7350386865328954,0.9046413349335017,0.8879310344827587
euclidean,7,1,distance,0.8484892086330935,0.793714473062013,0.7972124082262585,0.812709974557072,0.9317523644089807,1.0
euclidean,7,2,uniform,0.7817112024665983,0.7125082987133503,0.723358220725887,0.7350386865328954,0.9046413349335017,0.8879310344827587
euclidean,7,2,distance,0.8484892086330935,0.793714473062013,0.7972124082262585,0.812709974557072,0.9317523644089807,1.0
euclidean,9,1,uniform,0.7687512846865365,0.6959746624742984,0.7089444076783916,0.7202992512617036,0.9023759693928165,0.8649425287356322
euclidean,9,1,distance,0.8448818088386435,0.7871318683889174,0.7930306564997481,0.8078921583121778,0.9367366929312043,1.0
euclidean,9,2,uniform,0.7687512846865365,0.6959746624742984,0.7089444076783916,0.7202992512617036,0.9023759693928165,0.8649425287356322
euclidean,9,2,distance,0.8448818088386435,0.7871318683889174,0.7930306564997481,0.8078921583121778,0.9367366929312043,1.0
euclidean,11,1,uniform,0.7644141829393628,0.6895142369589256,0.708784920834374,0.7191222647444373,0.901336432690669,0.8548850574712644
euclidean,11,1,distance,0.8427132579650565,0.785533791297936,0.7921275050894192,0.8076730503963343,0.9398106668759324,1.0
euclidean,11,2,uniform,0.7644141829393628,0.6895142369589256,0.708784920834374,0.7191222647444373,0.901336432690669,0.8548850574712644
euclidean,11,2,distance,0.8427132579650565,0.785533791297936,0.7921275050894192,0.8076730503963343,0.9398106668759324,1.0
manhattan,3,1,uniform,0.8441829393627955,0.8003436679527492,0.8070477398060258,0.8101639099974609,0.9122366785804289,0.9640804597701149
manhattan,3,1,distance,0.8764902363823227,0.8373114221538863,0.8408764165288225,0.8445571259676032,0.9187781508883195,1.0
manhattan,3,2,uniform,0.8441829393627955,0.8003436679527492,0.8070477398060258,0.8101639099974609,0.9122366785804289,0.9640804597701149
manhattan,3,2,distance,0.8764902363823227,0.8373114221538863,0.8408764165288225,0.8445571259676032,0.9187781508883195,1.0
manhattan,5,1,uniform,0.8168910585817061,0.7623050294321461,0.7720465489856845,0.7735895789596701,0.9129312464592001,0.9267241379310345
manhattan,5,1,distance,0.864994861253854,0.8203055742231212,0.8257857587373113,0.8297858166353853,0.9295494244817446,1.0
manhattan,5,2,uniform,0.8168910585817061,0.7623050294321461,0.7720465489856845,0.7735895789596701,0.9129312464592001,0.9267241379310345
manhattan,5,2,distance,0.864994861253854,0.8203055742231212,0.8257857587373113,0.8297858166353853,0.9295494244817446,1.0
manhattan,7,1,uniform,0.7945889003083249,0.7275861946072004,0.741978432904739,0.7416312408742679,0.912901382662534,0.8951149425287356
manhattan,7,1,distance,0.8599486125385407,0.8110153683496127,0.8172775554427346,0.8242571425353097,0.9369912030631413,1.0
manhattan,7,2,uniform,0.7945889003083249,0.7275861946072004,0.741978432904739,0.7416312408742679,0.912901382662534,0.8951149425287356
manhattan,7,2,distance,0.8599486125385407,0.8110153683496127,0.8172775554427346,0.8242571425353097,0.9369912030631413,1.0
manhattan,9,1,uniform,0.7759044193216855,0.7006711451619401,0.7173414997313108,0.715060675117605,0.910014552827044,0.8814655172413793
manhattan,9,1,distance,0.8541983556012334,0.8034712332196333,0.8115861071930587,0.8164158911994503,0.9402799794952024,1.0
manhattan,9,2,uniform,0.7759044193216855,0.7006711451619401,0.7173414997313108,0.715060675117605,0.910014552827044,0.8814655172413793
manhattan,9,2,distance,0.8541983556012334,0.8034712332196333,0.8115861071930587,0.8164158911994503,0.9402799794952024,1.0
manhattan,11,1,uniform,0.7723072970195273,0.6952109832441837,0.7140468252534289,0.7091126362318371,0.9076221313984874,0.8613505747126436
manhattan,11,1,distance,0.8513309352517986,0.799292592691777,0.8077077599142063,0.8111897560886321,0.94352247418715,1.0
manhattan,11,2,uniform,0.7723072970195273,0.6952109832441837,0.7140468252534289,0.7091126362318371,0.9076221313984874,0.8613505747126436
manhattan,11,2,distance,0.8513309352517986,0.799292592691777,0.8077077599142063,0.8111897560886321,0.94352247418715,1.0
minkowski,3,1,uniform,0.8441829393627955,0.8003436679527492,0.8070477398060258,0.8101639099974609,0.9122366785804289,0.9640804597701149
minkowski,3,1,distance,0.8764902363823227,0.8373114221538863,0.8408764165288225,0.8445571259676032,0.9187781508883195,1.0
minkowski,3,2,uniform,0.8262332990750257,0.7797322365657885,0.7799750137226031,0.8008972234307731,0.9095270135154434,0.9626436781609196
minkowski,3,2,distance,0.8614131551901336,0.8160488143162274,0.8156468820585658,0.8327271301118767,0.9167780974433016,1.0
minkowski,5,1,uniform,0.8168910585817061,0.7623050294321461,0.7720465489856845,0.7735895789596701,0.9129312464592001,0.9267241379310345
minkowski,5,1,distance,0.864994861253854,0.8203055742231212,0.8257857587373113,0.8297858166353853,0.9295494244817446,1.0
minkowski,5,2,uniform,0.7989414182939363,0.7454632402381384,0.7486624076534756,0.7701359396728982,0.9068477691836838,0.9152298850574713
minkowski,5,2,distance,0.8542497430626927,0.8064255810245701,0.8071056980053191,0.82658603638043,0.9250557233947403,1.0
minkowski,7,1,uniform,0.7945889003083249,0.7275861946072004,0.741978432904739,0.7416312408742679,0.912901382662534,0.8951149425287356
minkowski,7,1,distance,0.8599486125385407,0.8110153683496127,0.8172775554427346,0.8242571425353097,0.9369912030631413,1.0
minkowski,7,2,uniform,0.7817112024665983,0.7125082987133503,0.723358220725887,0.7350386865328954,0.9046413349335017,0.8879310344827587
minkowski,7,2,distance,0.8484892086330935,0.793714473062013,0.7972124082262585,0.812709974557072,0.9317523644089807,1.0
minkowski,9,1,uniform,0.7759044193216855,0.7006711451619401,0.7173414997313108,0.715060675117605,0.910014552827044,0.8814655172413793
minkowski,9,1,distance,0.8541983556012334,0.8034712332196333,0.8115861071930587,0.8164158911994503,0.9402799794952024,1.0
minkowski,9,2,uniform,0.7687512846865365,0.6959746624742984,0.7089444076783916,0.7202992512617036,0.9023759693928165,0.8649425287356322
minkowski,9,2,distance,0.8448818088386435,0.7871318683889174,0.7930306564997481,0.8078921583121778,0.9367366929312043,1.0
minkowski,11,1,uniform,0.7723072970195273,0.6952109832441837,0.7140468252534289,0.7091126362318371,0.9076221313984874,0.8613505747126436
minkowski,11,1,distance,0.8513309352517986,0.799292592691777,0.8077077599142063,0.8111897560886321,0.94352247418715,1.0
minkowski,11,2,uniform,0.7644141829393628,0.6895142369589256,0.708784920834374,0.7191222647444373,0.901336432690669,0.8548850574712644
minkowski,11,2,distance,0.8427132579650565,0.785533791297936,0.7921275050894192,0.8076730503963343,0.9398106668759324,1.0
