activation,alpha,hidden_layer_sizes,learning_rate_init,accuracy_cv,f1_macro_cv,precision_macro_cv,recall_macro_cv,roc_auc_cv,train_accuracy
relu,0.0001,"(50,)",0.001,0.8240184994861254,0.7522818956046604,0.7512585208315957,0.7635774195304628,0.9284495769957418,0.923132183908046
relu,0.0001,"(50,)",0.01,0.8592086330935251,0.8033041292613049,0.8027711248962481,0.8075956397833337,0.937076579918882,0.9748563218390804
relu,0.0001,"(100,)",0.001,0.835513874614594,0.7664330346540338,0.767399055118276,0.7716333963187776,0.9356169404771011,0.9137931034482759
relu,0.0001,"(100,)",0.01,0.8663926002055499,0.8052052932281327,0.8106796720691527,0.8072369900091567,0.9445193256061033,0.9913793103448276
relu,0.0001,"(50, 50)",0.001,0.8606577595066804,0.7968324840810117,0.7971985169336404,0.7993219044320257,0.9386825969416176,0.9870689655172413
relu,0.0001,"(50, 50)",0.01,0.8664182939362796,0.8072821982821209,0.8118903778320702,0.8105806054112101,0.9402539382026012,0.992816091954023
relu,0.0001,"(100, 50)",0.001,0.8699794450154161,0.8124678328490885,0.8177459284811286,0.8123434480822997,0.9447105651751146,0.9920977011494253
relu,0.0001,"(100, 50)",0.01,0.8779085303186023,0.8230412839822965,0.8332022827085543,0.8199638889710235,0.9458497051818252,0.9935344827586207
relu,0.001,"(50,)",0.001,0.8240184994861254,0.7527266292713056,0.7516848898289827,0.7645348663389735,0.9284472828669257,0.9267241379310345
relu,0.001,"(50,)",0.01,0.8628006166495374,0.8073714542993049,0.8072141336870746,0.8111199792927138,0.9397982140557521,0.9748563218390804
relu,0.001,"(100,)",0.001,0.8369527235354572,0.7680040938161572,0.7711577375845855,0.7730518360350896,0.9353838100928694,0.9137931034482759
relu,0.001,"(100,)",0.01,0.8743062692702981,0.8171472600792316,0.8237080041337492,0.8185880160570642,0.9445843934312549,0.9913793103448276
relu,0.001,"(50, 50)",0.001,0.8585149023638232,0.7947193891563625,0.7946245053522798,0.7974405017527506,0.9393126869189224,0.9806034482758621
relu,0.001,"(50, 50)",0.01,0.8664080164439877,0.8077331418761476,0.8133418183526802,0.8100908255270338,0.9400612075537447,0.9935344827586207
relu,0.001,"(100, 50)",0.001,0.8699845837615623,0.8131782493481404,0.8181412322491253,0.8135534937444001,0.9447921065834433,0.9935344827586207
relu,0.001,"(100, 50)",0.01,0.8807913669064747,0.8328212524439124,0.8396005268237063,0.831442636546295,0.9483894191234441,0.9913793103448276
relu,0.01,"(50,)",0.001,0.8240184994861254,0.7527266292713056,0.7516848898289827,0.7645348663389735,0.9285840147623177,0.9267241379310345
relu,0.01,"(50,)",0.01,0.8656988694758478,0.8099723660920359,0.8102511611797049,0.8128583458764481,0.9395716957547402,0.9885057471264368
relu,0.01,"(100,)",0.001,0.8376721479958891,0.7697322402607292,0.7723545953424934,0.7744722458065633,0.935045873585873,0.9152298850574713
relu,0.01,"(100,)",0.01,0.8728776978417268,0.8172210739433494,0.8238263756669175,0.8193773335004184,0.945389552913501,0.9791666666666666
relu,0.01,"(50, 50)",0.001,0.8628160328879753,0.7987481149983366,0.7997198745518581,0.8009507082577109,0.9404964169574412,0.9798850574712644
relu,0.01,"(50, 50)",0.01,0.8671325796505652,0.8069733585709752,0.8114617542394015,0.8100643617842621,0.9407079180835114,0.9892241379310345
relu,0.01,"(100, 50)",0.001,0.8692651593011306,0.8129604234197367,0.816513302958296,0.813549121841165,0.9438007139774156,0.9892241379310345
relu,0.01,"(100, 50)",0.01,0.878627954779034,0.8274536123467383,0.8329889075696233,0.8262762026723287,0.9464016446438297,0.9906609195402298
tanh,0.0001,"(50,)",0.001,0.795960945529291,0.7108861682733998,0.7146491429505015,0.7231437293109007,0.9178387877168491,0.9224137931034483
tanh,0.0001,"(50,)",0.01,0.8721685508735868,0.8189513530202891,0.8230717283951094,0.8233104131084819,0.9523198363882986,0.9798850574712644
tanh,0.0001,"(100,)",0.001,0.8024049331963002,0.7228871761835377,0.7239005942178369,0.7336517395387606,0.9253565024802084,0.9331896551724138
tanh,0.0001,"(100,)",0.01,0.872153134635149,0.8157446731003366,0.8178349081998377,0.8206099743693359,0.9539757836761643,0.992816091954023
tanh,0.0001,"(50, 50)",0.001,0.8498869475847893,0.7818195721248524,0.7834721586323956,0.7858052773541984,0.9374982412038086,0.9346264367816092
tanh,0.0001,"(50, 50)",0.01,0.8606372045220967,0.7965164173633861,0.7976132818499,0.8011415572048166,0.9444564356017899,0.9920977011494253
tanh,0.0001,"(100, 50)",0.001,0.8714080164439878,0.8187702361930922,0.8174756285132455,0.8268799747119543,0.9506069010475942,0.9942528735632183
tanh,0.0001,"(100, 50)",0.01,0.8800513874614595,0.8278709894932904,0.8353500588231061,0.8280023100920797,0.9558168194756018,0.9964080459770115
tanh,0.001,"(50,)",0.001,0.795960945529291,0.7108861682733998,0.7146491429505015,0.7231437293109007,0.9178387877168491,0.9224137931034483
tanh,0.001,"(50,)",0.01,0.8721685508735868,0.8191183738908853,0.8235879573453182,0.8233104131084819,0.9524895291216355,0.9798850574712644
tanh,0.001,"(100,)",0.001,0.8024049331963002,0.7228871761835377,0.7239005942178369,0.7336517395387606,0.9253487106771852,0.9331896551724138
tanh,0.001,"(100,)",0.01,0.872153134635149,0.8157446731003366,0.8178349081998377,0.8206099743693359,0.9539415924942952,0.992816091954023
tanh,0.001,"(50, 50)",0.001,0.8491675231243578,0.7807170705297589,0.7827761973176904,0.784828040819449,0.9374548121763233,0.9346264367816092
tanh,0.001,"(50, 50)",0.01,0.8606372045220967,0.7965164173633861,0.7976132818499,0.8011415572048166,0.9443461683159194,0.9920977011494253
tanh,0.001,"(100, 50)",0.001,0.8714080164439878,0.8187702361930922,0.8174756285132455,0.8268799747119543,0.9506000858087201,0.9942528735632183
tanh,0.001,"(100, 50)",0.01,0.8800513874614595,0.8278709894932904,0.8353500588231061,0.8280023100920797,0.9558609646280974,0.9964080459770115
tanh,0.01,"(50,)",0.001,0.7887667009249743,0.7018099389218484,0.7062277292070912,0.714013294528292,0.9152538512979611,0.9216954022988506
tanh,0.01,"(50,)",0.01,0.8728879753340186,0.8202074695417174,0.8244803995527128,0.8242658898618309,0.9525880941009268,0.9798850574712644
tanh,0.01,"(100,)",0.001,0.8024049331963002,0.7228871761835377,0.7239005942178369,0.7336517395387606,0.9253638115849251,0.9396551724137931
tanh,0.01,"(100,)",0.01,0.8743062692702981,0.818670561654419,0.8213879801160809,0.822737633943804,0.9535655539014393,0.992816091954023
tanh,0.01,"(50, 50)",0.001,0.8477286742034945,0.7807322660270135,0.7823080311348692,0.7848659036604305,0.9373549456975449,0.9346264367816092
tanh,0.01,"(50, 50)",0.01,0.859917780061665,0.7956525937536046,0.7967175651005247,0.8004323373466606,0.9442381046833359,0.9913793103448276
tanh,0.01,"(100, 50)",0.001,0.8721274409044193,0.8195086028245513,0.8180405605338738,0.8276046123931138,0.9506084572186868,0.9942528735632183
tanh,0.01,"(100, 50)",0.01,0.8800616649537514,0.8271239464335777,0.8345944958330959,0.8277714710198902,0.9552927531918598,0.9964080459770115
