class_weight,criterion,max_depth,min_samples_leaf,min_samples_split,n_estimators,f1_macro_cv,precision_macro_cv,recall_macro_cv,roc_auc_cv,train_accuracy
,gini,,1,2,100,0.8614734592083322,0.8670838372253131,0.8600710604411518,0.9773004233357305,1.0
,gini,,1,2,200,0.8666359248348174,0.8704388969655665,0.8667216240482368,0.9786919014092238,1.0
,gini,,1,2,300,0.8729123990017322,0.8765440386401824,0.8731554815875523,0.9787847004344924,1.0
,gini,,1,5,100,0.8514545166597275,0.8535689029832104,0.8519989700331025,0.9731105922534521,0.9992816091954023
,gini,,1,5,200,0.8566877754337382,0.8625786097567316,0.8540706936518463,0.9747287086897816,0.9992816091954023
,gini,,1,5,300,0.8583089972603272,0.8654907541288548,0.8557795950627296,0.9749070820280454,0.9992816091954023
,gini,,1,10,100,0.8232440727484303,0.826741348801401,0.8216811164756687,0.9672477180109139,0.9877873563218391
,gini,,1,10,200,0.8326251771648758,0.8389367846530587,0.8299359902208293,0.9686866384833109,0.9877873563218391
,gini,,1,10,300,0.8295766761628401,0.8385215037489564,0.8251956948838641,0.969183846997597,0.9899425287356322
,gini,,2,2,100,0.8473600343159221,0.8522774791032767,0.8468033385101549,0.9718642577741138,0.9942528735632183
,gini,,2,2,200,0.8495309749714691,0.8551555656363832,0.8471688160097548,0.9723845621153739,0.9971264367816092
,gini,,2,2,300,0.8555826269354687,0.86284754940359,0.852361792240963,0.9725594695085343,0.9964080459770115
,gini,,2,5,100,0.8408512879727731,0.8425996541681249,0.8412652564873365,0.9717563498305501,0.9942528735632183
,gini,,2,5,200,0.8513958247187654,0.8566069672800944,0.8494053601457958,0.9726839696931524,0.9942528735632183
,gini,,2,5,300,0.8539710061170979,0.8618922835000771,0.8503166320997668,0.9728598545228124,0.9949712643678161
,gini,,2,10,100,0.8159748118546588,0.8207824800337413,0.8145471149428039,0.9651911368011474,0.9841954022988506
,gini,,2,10,200,0.8158876811558535,0.824520997079372,0.812844223432181,0.9661663200172768,0.9841954022988506
,gini,,2,10,300,0.8230130332703389,0.8280992275819175,0.8213942628332843,0.9669220919408399,0.985632183908046
,gini,10.0,1,2,100,0.8454467294102483,0.8442776288218692,0.8494038969779657,0.9719382762507074,0.9899425287356322
,gini,10.0,1,2,200,0.8496788946500011,0.8478855257167879,0.8536702620466702,0.9740090750411081,0.9906609195402298
,gini,10.0,1,2,300,0.84740787871966,0.8451958639364499,0.8522742673483362,0.973552418802582,0.9885057471264368
,gini,10.0,1,5,100,0.8417631612086179,0.8425485707423122,0.8436970789678835,0.969752048517288,0.985632183908046
,gini,10.0,1,5,200,0.8364884088777839,0.8365568743061964,0.8384753157603004,0.9710093997192398,0.9849137931034483
,gini,10.0,1,5,300,0.8407408763422403,0.8412423476517494,0.8427704678053797,0.9713072063567074,0.985632183908046
,gini,10.0,1,10,100,0.8151943319886706,0.8154144088844063,0.817677632329274,0.9640428657205632,0.9798850574712644
,gini,10.0,1,10,200,0.81713807367755,0.816945831445549,0.8200491469508615,0.9653382238345609,0.9777298850574713
,gini,10.0,1,10,300,0.8217358763162327,0.8219025677465837,0.8238588910149997,0.9658198601848433,0.9791666666666666
,gini,10.0,2,2,100,0.823222627507705,0.8207093141886453,0.8285231145316618,0.9682613459757597,0.9849137931034483
,gini,10.0,2,2,200,0.8408802234832755,0.840040954999506,0.8446809895191658,0.9697117674437402,0.9849137931034483
,gini,10.0,2,2,300,0.8308473908982839,0.8310900257774726,0.8334997308334401,0.9691765364165061,0.9849137931034483
,gini,10.0,2,5,100,0.8259510669707293,0.8266759834710407,0.8280193013778419,0.9672544584057746,0.9820402298850575
,gini,10.0,2,5,200,0.8301179573403313,0.8305907859740044,0.832549311219904,0.9676671532158542,0.9827586206896551
,gini,10.0,2,5,300,0.8333564199714468,0.8327301874896961,0.8368113043853732,0.9682199497668819,0.9834770114942529
,gini,10.0,2,10,100,0.8159200911230723,0.8188398249678233,0.8162955171916939,0.9630115044738308,0.9741379310344828
,gini,10.0,2,10,200,0.8217024259689092,0.823780118484444,0.8218843747755968,0.9642426464062621,0.9755747126436781
,gini,10.0,2,10,300,0.8164627435831262,0.8171771288118865,0.8190012418739625,0.9642627933388572,0.9755747126436781
,gini,20.0,1,2,100,0.8628602612817822,0.8684084017870667,0.861722309284815,0.9774088269916957,1.0
,gini,20.0,1,2,200,0.8663572072472728,0.8714359947830168,0.8657487594167227,0.9787293854813136,1.0
,gini,20.0,1,2,300,0.8739940895395826,0.8787244214108633,0.8738647014457083,0.9787510407321355,1.0
,gini,20.0,1,5,100,0.8510014198790836,0.8535166075969709,0.8510415232245918,0.973082479583479,0.9992816091954023
,gini,20.0,1,5,200,0.85516991506446,0.8607371666136248,0.8528894349661208,0.9745481826950739,0.9992816091954023
,gini,20.0,1,5,300,0.8558957230207913,0.8623470166606962,0.853403708537907,0.9748716306158853,0.9992816091954023
,gini,20.0,1,10,100,0.8217868372374435,0.8257679097804026,0.8200144498090021,0.9671261046395351,0.9877873563218391
,gini,20.0,1,10,200,0.8326251771648758,0.8389367846530587,0.8299359902208293,0.9686431265643041,0.9863505747126436
,gini,20.0,1,10,300,0.8289625659340683,0.8380766676948767,0.8244864750257082,0.969079944122749,0.9899425287356322
,gini,20.0,2,2,100,0.8486716694458523,0.8534068346382752,0.8484700051768215,0.9717890911070836,0.9942528735632183
,gini,20.0,2,2,200,0.8549547990161871,0.8627029982692731,0.8516723621090454,0.9724690928167359,0.9971264367816092
,gini,20.0,2,2,300,0.8566703072906299,0.8650376730665366,0.853071012099119,0.9725300047604479,0.9964080459770115
,gini,20.0,2,5,100,0.8395071248894798,0.8415753763017417,0.8395985898206698,0.9716649430694151,0.9942528735632183
,gini,20.0,2,5,200,0.8504385844762599,0.8554472064060479,0.8486961402876398,0.972512863953631,0.9942528735632183
,gini,20.0,2,5,300,0.8549132351585762,0.8630808922769211,0.8510258519579228,0.9725958882985501,0.9949712643678161
,gini,20.0,2,10,100,0.8159748118546588,0.8207824800337413,0.8145471149428039,0.9651911368011474,0.9841954022988506
,gini,20.0,2,10,200,0.8158876811558535,0.824520997079372,0.812844223432181,0.966143806487002,0.9841954022988506
,gini,20.0,2,10,300,0.8230130332703389,0.8280992275819175,0.8213942628332843,0.9669797261754397,0.985632183908046
,entropy,,1,2,100,0.8606479426912855,0.8636589986133579,0.8621407142699578,0.9766774831830995,1.0
,entropy,,1,2,200,0.8695722551368321,0.8732322990038165,0.869489451815431,0.9780697781548591,1.0
,entropy,,1,2,300,0.8646158950884419,0.8682306260849002,0.8652539223927335,0.9782320783395955,1.0
,entropy,,1,5,100,0.8614301277428202,0.8646779732263111,0.8613959548044235,0.9757364155605558,0.9985632183908046
,entropy,,1,5,200,0.860806329828846,0.8645000209747746,0.8604847614649233,0.9757083924746729,0.9992816091954023
,entropy,,1,5,300,0.8623310165771342,0.8662355817015308,0.8613798517448423,0.9753668500835421,0.9992816091954023
,entropy,,1,10,100,0.8192018991699829,0.8242202078273682,0.8173177869111365,0.9666202605969808,0.9906609195402298
,entropy,,1,10,200,0.8362291523225297,0.8399129602652782,0.8353188555985941,0.9684241192700702,0.9913793103448276
,entropy,,1,10,300,0.8331100264893326,0.8384823634090122,0.8303188555985941,0.9688559043791456,0.9920977011494253
,entropy,,2,2,100,0.8393575613132545,0.8431435324946908,0.839277624538228,0.9719959550156781,0.9971264367816092
,entropy,,2,2,200,0.8419867373161616,0.8473006176146468,0.8414179680294895,0.9727856536736338,0.9978448275862069
,entropy,,2,2,300,0.848326237365314,0.8539158324947154,0.8466391246149649,0.9732580941236366,0.9971264367816092
,entropy,,2,5,100,0.8439021683157014,0.8497963169848999,0.8419744763454926,0.9715691371473355,0.9949712643678161
,entropy,,2,5,200,0.8513463478129843,0.8573708977811453,0.8478626180449075,0.9724002891096781,0.9949712643678161
,entropy,,2,5,300,0.8543875771977417,0.8594536864555401,0.8523996550819446,0.9728618121969923,0.9956896551724138
,entropy,,2,10,100,0.8211023082823342,0.825528307927731,0.8199196196373784,0.9649507458696958,0.9849137931034483
,entropy,,2,10,200,0.8268731969663108,0.8316955160021232,0.8253349586581752,0.966861836720085,0.9870689655172413
,entropy,,2,10,300,0.8227198032186891,0.8284072478008946,0.8203305867549402,0.9671901568644454,0.985632183908046
,entropy,10.0,1,2,100,0.8446267066345342,0.8439052772108996,0.8495727115797003,0.9707660413370143,0.9885057471264368
,entropy,10.0,1,2,200,0.8536197552979379,0.8532205647212887,0.8576769224523397,0.9722018834351644,0.9899425287356322
,entropy,10.0,1,2,300,0.8551584847009966,0.8547341969448009,0.858600878323104,0.9727756383491861,0.9899425287356322
,entropy,10.0,1,5,100,0.844601502268317,0.8456538443599267,0.8455563686873167,0.97117380984864,0.9892241379310345
,entropy,10.0,1,5,200,0.8414372671109362,0.8429340172684711,0.8422652700982001,0.971488434757221,0.9849137931034483
,entropy,10.0,1,5,300,0.8380831290472814,0.8413435658033004,0.8379590721333526,0.9711056336808757,0.9849137931034483
,entropy,10.0,1,10,100,0.8253113989513136,0.8304488164277937,0.823459897937297,0.9659496849037797,0.9777298850574713
,entropy,10.0,1,10,200,0.8272337470663652,0.8319197532404633,0.8255922614731366,0.9668437383675593,0.9770114942528736
,entropy,10.0,1,10,300,0.8285063005844853,0.8332862934343727,0.8273185507621849,0.966166167907842,0.9762931034482759
,entropy,10.0,2,2,100,0.8317200888222839,0.8322074527087165,0.8343804991995404,0.9694601531634823,0.9820402298850575
,entropy,10.0,2,2,200,0.8351147643464614,0.8364204071512906,0.8374628716763093,0.970141652460294,0.9841954022988506
,entropy,10.0,2,2,300,0.8403432904033787,0.8421552781557111,0.8407402690539183,0.9704827706103382,0.9849137931034483
,entropy,10.0,2,5,100,0.830663663414019,0.8304330786467921,0.8356232719483389,0.9673669901064166,0.9813218390804598
,entropy,10.0,2,5,200,0.8340760445102354,0.8349305549991911,0.83648563514156,0.9694086377036497,0.9820402298850575
,entropy,10.0,2,5,300,0.8367896832899063,0.8373522510786355,0.839093645557156,0.9689594495998609,0.9820402298850575
,entropy,10.0,2,10,100,0.8224744963911794,0.8246444163301574,0.822255241473146,0.9631162439866484,0.9755747126436781
,entropy,10.0,2,10,200,0.8196000685264189,0.8223403929550122,0.8194038969779658,0.9649501641553486,0.9741379310344828
,entropy,10.0,2,10,300,0.828199318794953,0.830433828160098,0.8287081248876517,0.964871481775275,0.9741379310344828
,entropy,20.0,1,2,100,0.8586420705288091,0.8606367824153869,0.8607068567306424,0.9763434214559729,1.0
,entropy,20.0,1,2,200,0.8662288886943038,0.8705144676401181,0.8664204484920337,0.9778830739502663,1.0
,entropy,20.0,1,2,300,0.8646158950884419,0.8682306260849002,0.8652539223927335,0.9781489052430071,1.0
,entropy,20.0,1,5,100,0.8634826228586675,0.8674943261651611,0.8628298123437391,0.9757572096913807,0.9985632183908046
,entropy,20.0,1,5,200,0.8622086971675127,0.8672654811724861,0.8611939813230792,0.9758538544806441,0.9992816091954023
,entropy,20.0,1,5,300,0.8614125136840037,0.8669405656979879,0.8597131850781755,0.9754192230360893,0.9992816091954023
,entropy,20.0,1,10,100,0.817387850446907,0.8218849094053988,0.8158839293718211,0.9664332067983695,0.9906609195402298
,entropy,20.0,1,10,200,0.8362291523225297,0.8399129602652782,0.8353188555985941,0.9684009587137347,0.9913793103448276
,entropy,20.0,1,10,300,0.8332492017799629,0.838660064813342,0.8303188555985941,0.9687778705704344,0.9920977011494253
,entropy,20.0,2,2,100,0.8373485242359155,0.8399818702056772,0.8378591848219159,0.9721605899906969,0.9964080459770115
,entropy,20.0,2,2,200,0.8419867373161616,0.8473006176146468,0.8414179680294895,0.9728983643636621,0.9978448275862069
,entropy,20.0,2,2,300,0.848326237365314,0.8539158324947154,0.8466391246149649,0.973193282148495,0.9971264367816092
,entropy,20.0,2,5,100,0.8452331748261942,0.8509246213046936,0.8436411430121593,0.9715942077939781,0.9949712643678161
,entropy,20.0,2,5,200,0.8537001979629737,0.8594354612979899,0.85023850456973,0.9723514010674403,0.9956896551724138
,entropy,20.0,2,5,300,0.8549460798825329,0.8600724519586114,0.8528626180449075,0.9729015085361248,0.9956896551724138
,entropy,20.0,2,10,100,0.8211023082823342,0.825528307927731,0.8199196196373784,0.9648869316577089,0.9849137931034483
,entropy,20.0,2,10,200,0.8268731969663108,0.8316955160021232,0.8253349586581752,0.9668616371152113,0.9870689655172413
,entropy,20.0,2,10,300,0.8227198032186891,0.8284072478008946,0.8203305867549402,0.9671453156161975,0.985632183908046
balanced,gini,,1,2,100,0.8713454208471763,0.8726811534815768,0.8731980483899052,0.9780454707271173,1.0
balanced,gini,,1,2,200,0.866096148524842,0.8708074428460957,0.8650549573815702,0.9787597962310753,1.0
balanced,gini,,1,2,300,0.8728043221447708,0.8755397116761673,0.8731708994105558,0.9786843336339791,1.0
balanced,gini,,1,5,100,0.8588321934070151,0.8658763023330247,0.8559681993907027,0.9746094921472797,0.9985632183908046
balanced,gini,,1,5,200,0.8571771672590078,0.8630859868352683,0.8552961571369501,0.9747794368681143,1.0
balanced,gini,,1,5,300,0.8587587811636347,0.8632808430452057,0.8567524596942437,0.9748308918698985,1.0
balanced,gini,,1,10,100,0.8221759311907688,0.8285757688298367,0.8199990319859985,0.9684947070517872,0.9885057471264368
balanced,gini,,1,10,200,0.8379454888007652,0.8440137567083372,0.8353852519722846,0.9698145838307066,0.9892241379310345
balanced,gini,,1,10,300,0.8423176470820211,0.8479902981301896,0.8391949960364228,0.9696427070486153,0.9899425287356322
balanced,gini,,2,2,100,0.8469087022738503,0.8491441215474756,0.8476926934537847,0.9726732981958193,0.9935344827586207
balanced,gini,,2,2,200,0.8560537836831017,0.861664351971226,0.8529111947475208,0.973609677468837,0.9964080459770115
balanced,gini,,2,2,300,0.8540125554250115,0.8590627209115768,0.8517453538847984,0.9736318502345294,0.9956896551724138
balanced,gini,,2,5,100,0.8362764397376564,0.8385351306362786,0.8368220968614757,0.9715820886897925,0.9949712643678161
balanced,gini,,2,5,200,0.8409370500854589,0.8460369886289115,0.8389336533763624,0.9724292909125742,0.9956896551724138
balanced,gini,,2,5,300,0.84455325271848,0.8495157766512127,0.8432288054214416,0.9729245624834879,0.9956896551724138
balanced,gini,,2,10,100,0.8147716534309893,0.8222748769745827,0.8113688163852268,0.9646116670023899,0.9834770114942529
balanced,gini,,2,10,200,0.8199532478408733,0.8272982808468179,0.8160693574405193,0.9655160476837361,0.985632183908046
balanced,gini,,2,10,300,0.8184106980569206,0.826923280272805,0.8137574654413134,0.9656332004818727,0.9849137931034483
balanced,gini,10.0,1,2,100,0.8426840313375894,0.8428899570920585,0.8461108283336877,0.9711027942334619,0.992816091954023
balanced,gini,10.0,1,2,200,0.8419557753330708,0.839425478789033,0.8470793210619665,0.9720258048576497,0.9899425287356322
balanced,gini,10.0,1,2,300,0.8419804918859259,0.8393674386781853,0.8470856630203633,0.9730333832657241,0.9906609195402298
balanced,gini,10.0,1,5,100,0.8334482726184935,0.8348966550876348,0.8345128601540093,0.9686773385025882,0.9863505747126436
balanced,gini,10.0,1,5,200,0.8334604293066468,0.8350508265417178,0.8342595760638416,0.9700447698455337,0.9849137931034483
balanced,gini,10.0,1,5,300,0.8391446641064823,0.8415078668894355,0.8389734862725055,0.970693585700303,0.9841954022988506
balanced,gini,10.0,1,10,100,0.8147896952044217,0.8158069759310346,0.8169845155306993,0.9634636688697166,0.9798850574712644
balanced,gini,10.0,1,10,200,0.8211113987813781,0.8234218062495685,0.8213744731070456,0.9650773307712592,0.978448275862069
balanced,gini,10.0,1,10,300,0.8233567196971656,0.8272893521054971,0.8218508838378504,0.9661837645540523,0.9755747126436781
balanced,gini,10.0,2,2,100,0.8200502655014288,0.8201054816469016,0.8231831620945899,0.9662323427827957,0.9863505747126436
balanced,gini,10.0,2,2,200,0.8296722459947915,0.8315141971659564,0.8309597336682544,0.9678611572753096,0.9820402298850575
balanced,gini,10.0,2,2,300,0.829176591357097,0.8315835836056596,0.8297251943185439,0.967987195149204,0.9820402298850575
balanced,gini,10.0,2,5,100,0.8368741032852363,0.838739842735593,0.8377929128233577,0.9692840680812388,0.9827586206896551
balanced,gini,10.0,2,5,200,0.8393060862458682,0.8434909195371787,0.8395942179174346,0.9691902111271855,0.9834770114942529
balanced,gini,10.0,2,5,300,0.836063876607961,0.8373175216977113,0.8373453676833982,0.9697039442491414,0.9820402298850575
balanced,gini,10.0,2,10,100,0.8159976967014918,0.8175106980966337,0.8182709474709842,0.9621369639318571,0.9762931034482759
balanced,gini,10.0,2,10,200,0.822356886666386,0.8248569627011323,0.8239487250610258,0.9642560105439342,0.9741379310344828
balanced,gini,10.0,2,10,300,0.8252798681357071,0.828255027515671,0.8253574036761533,0.9646564652024358,0.9727011494252874
balanced,gini,20.0,1,2,100,0.875444279287508,0.8777535444356159,0.8765357536264737,0.9782153827200398,1.0
balanced,gini,20.0,1,2,200,0.8692126209007544,0.8742067938317073,0.8681554815875524,0.9787912970165993,1.0
balanced,gini,20.0,1,2,300,0.8745878953011198,0.8777868638178674,0.8745893391268679,0.9785805943995184,1.0
balanced,gini,20.0,1,5,100,0.8634217307463304,0.8701041530149295,0.8607353902633517,0.9744937018372852,0.9985632183908046
balanced,gini,20.0,1,5,200,0.8574715185088533,0.8636240202304446,0.8552961571369501,0.9747410290532166,1.0
balanced,gini,20.0,1,5,300,0.8601329227071878,0.86575115961006,0.8574616795523997,0.9748827775993641,1.0
balanced,gini,20.0,1,10,100,0.8222267868041211,0.8285406431368164,0.8199990319859985,0.9686773214237631,0.9885057471264368
balanced,gini,20.0,1,10,200,0.8393330827521945,0.8448646631086332,0.8370519186389511,0.9698606715072404,0.9892241379310345
balanced,gini,20.0,1,10,300,0.8413143910787652,0.8466984321014814,0.8384703583552632,0.969632652987231,0.9899425287356322
balanced,gini,20.0,2,2,100,0.8460348117813554,0.8484677512296857,0.8469834735956286,0.972799888117468,0.9935344827586207
balanced,gini,20.0,2,2,200,0.8560537836831017,0.861664351971226,0.8529111947475208,0.9736443895015945,0.9964080459770115
balanced,gini,20.0,2,2,300,0.8501746662836098,0.8555983461597233,0.8477028006933092,0.9734721629061293,0.9956896551724138
balanced,gini,20.0,2,5,100,0.8353216127477708,0.8373194443617689,0.8361128770033195,0.9715971937818925,0.9949712643678161
balanced,gini,20.0,2,5,200,0.8409370500854589,0.8460369886289115,0.8389336533763624,0.9723205685863746,0.9956896551724138
balanced,gini,20.0,2,5,300,0.8443623768703878,0.849081476615409,0.8432288054214416,0.9728700353713989,0.9956896551724138
balanced,gini,20.0,2,10,100,0.8147716534309893,0.8222748769745827,0.8113688163852268,0.9647423914605401,0.9834770114942529
balanced,gini,20.0,2,10,200,0.8160917949183846,0.8235629171802955,0.8120268042490301,0.965485530393386,0.985632183908046
balanced,gini,20.0,2,10,300,0.8180725552977866,0.825989762084385,0.8137574654413134,0.9656579728638446,0.9849137931034483
balanced,entropy,,1,2,100,0.8621410257797658,0.8677277958861049,0.8601831752361132,0.9776245314661113,1.0
balanced,entropy,,1,2,200,0.8720165548910377,0.8775713881414825,0.8704267768395668,0.9786786562790697,1.0
balanced,entropy,,1,2,300,0.8760701698792248,0.8815111063879055,0.8747022177728778,0.9789399256235489,1.0
balanced,entropy,,1,5,100,0.8549358517322719,0.8602146218528585,0.8535302883954247,0.9739652919167107,0.9985632183908046
balanced,entropy,,1,5,200,0.861627042919754,0.8673797140666256,0.8592636698830545,0.9755890142628184,0.9985632183908046
balanced,entropy,,1,5,300,0.8595295447483717,0.8646113915776326,0.8568968592228385,0.975765582065066,0.9985632183908046
balanced,entropy,,1,10,100,0.8363849225588268,0.8404477409881494,0.8347205689716428,0.9688092709815649,0.9920977011494253
balanced,entropy,,1,10,200,0.8304116237782981,0.835831414592606,0.8279725199011946,0.9699887771993032,0.9899425287356322
balanced,entropy,,1,10,300,0.8344334389164303,0.8416813643253895,0.8305785602616289,0.9702543487910307,0.9899425287356322
balanced,entropy,,2,2,100,0.8580094920610053,0.8635278200859607,0.8561959513782407,0.9725754802821536,0.9956896551724138
balanced,entropy,,2,2,200,0.8528350982406036,0.8586660009551792,0.8514133426825886,0.9731494463606747,0.9971264367816092
balanced,entropy,,2,2,300,0.8529674460923241,0.8578671214506933,0.8521470562283545,0.9730971908673498,0.9971264367816092
balanced,entropy,,2,5,100,0.8401450322665743,0.8442235166024707,0.8384304257243442,0.9717636188916853,0.9956896551724138
balanced,entropy,,2,5,200,0.8509362071769843,0.8557106160900247,0.8486207466638132,0.9722367418196317,0.9949712643678161
balanced,entropy,,2,5,300,0.8532788438477965,0.8602400379207366,0.8495383605761807,0.9725427965488246,0.9964080459770115
balanced,entropy,,2,10,100,0.8194218604511578,0.8233725990583058,0.8182542377892954,0.9670738253098368,0.9877873563218391
balanced,entropy,,2,10,200,0.8297721518549815,0.8337429010007339,0.8287215726554935,0.9677935001482918,0.9877873563218391
balanced,entropy,,2,10,300,0.8269201217632004,0.8336664145940095,0.8236682919915086,0.9683021469887763,0.9863505747126436
balanced,entropy,10.0,1,2,100,0.8556838081458322,0.8591934185078092,0.8557312718037821,0.9732559950615534,0.9906609195402298
balanced,entropy,10.0,1,2,200,0.8584308864630416,0.8617632585080921,0.8588444799265578,0.9733879237317691,0.9899425287356322
balanced,entropy,10.0,1,2,300,0.8544771019664182,0.8553765579245832,0.8566816128028476,0.9738232946137366,0.9899425287356322
balanced,entropy,10.0,1,5,100,0.8478397042017809,0.8504488732915737,0.8474729789158337,0.9705612745633696,0.9863505747126436
balanced,entropy,10.0,1,5,200,0.8394215937362761,0.841853306399212,0.8396320807584161,0.971190818198689,0.9870689655172413
balanced,entropy,10.0,1,5,300,0.8422569853760837,0.8431845654038075,0.8439382787232634,0.971108022096535,0.9870689655172413
balanced,entropy,10.0,1,10,100,0.823347383092386,0.8268288723322836,0.8222474504271229,0.9660871468002193,0.9813218390804598
balanced,entropy,10.0,1,10,200,0.8290545715588882,0.8318234335590784,0.8281911960241259,0.9663109750846115,0.9791666666666666
balanced,entropy,10.0,1,10,300,0.8294811196275564,0.8321599811892705,0.8291288531063981,0.9669054625531135,0.978448275862069
balanced,entropy,10.0,2,2,100,0.8311188657211674,0.8323009328492068,0.8330150080890769,0.9694834002713278,0.9849137931034483
balanced,entropy,10.0,2,2,200,0.8355456543337102,0.8385226807498916,0.8355627106457135,0.9696505784917784,0.9849137931034483
balanced,entropy,10.0,2,2,300,0.8310145305412217,0.8344047642944729,0.829838072964554,0.9700559426565066,0.9841954022988506
balanced,entropy,10.0,2,5,100,0.8279996500004672,0.8295194025931387,0.8303478960186347,0.9669123017143775,0.9820402298850575
balanced,entropy,10.0,2,5,200,0.8278404335302483,0.8295193704367178,0.8288896234061797,0.9681595171002717,0.9834770114942529
balanced,entropy,10.0,2,5,300,0.832594681591041,0.834309425938699,0.8333887976022352,0.9686568053524514,0.9827586206896551
balanced,entropy,10.0,2,10,100,0.8205954962841988,0.8270040167015058,0.8176621898659142,0.9640735658520072,0.9741379310344828
balanced,entropy,10.0,2,10,200,0.8244999328017583,0.8300165474900739,0.8227423660655827,0.9643569698281306,0.9748563218390804
balanced,entropy,10.0,2,10,300,0.8258347020692621,0.831406378151638,0.823379800352099,0.96500366944214,0.9755747126436781
balanced,entropy,20.0,1,2,100,0.8621410257797658,0.8677277958861049,0.8601831752361132,0.9779578569965814,1.0
balanced,entropy,20.0,1,2,200,0.8726014699533005,0.8761772461106363,0.8721088613292369,0.9788778654826021,1.0
balanced,entropy,20.0,1,2,300,0.8762680371080218,0.8811186505682624,0.8747022177728778,0.9791188256797112,1.0
balanced,entropy,20.0,1,5,100,0.8548486408939633,0.8595416769404306,0.8540311141993691,0.9739468931235702,0.9985632183908046
balanced,entropy,20.0,1,5,200,0.8600594826398478,0.8656500553701806,0.8576124210393912,0.9755154148489424,0.9985632183908046
balanced,entropy,20.0,1,5,300,0.8595054430151248,0.8648367692142129,0.8568968592228385,0.9756253971766122,0.9985632183908046
balanced,entropy,20.0,1,10,100,0.8363849225588268,0.8404477409881494,0.8347205689716428,0.9687890854019366,0.9920977011494253
balanced,entropy,20.0,1,10,200,0.831443489152344,0.8374755166778847,0.8286817397593506,0.9700528882972949,0.9899425287356322
balanced,entropy,20.0,1,10,300,0.8344334389164303,0.8416813643253895,0.8305785602616289,0.970310950582394,0.9899425287356322
balanced,entropy,20.0,2,2,100,0.8575793465026571,0.8640339281769892,0.8552385045697302,0.9724472792851759,0.9956896551724138
balanced,entropy,20.0,2,2,200,0.8528350982406036,0.8586660009551792,0.8514133426825886,0.9731561130361381,0.9971264367816092
balanced,entropy,20.0,2,2,300,0.8527624999292334,0.8584350579454281,0.8511896094198439,0.9731072953731589,0.9971264367816092
balanced,entropy,20.0,2,5,100,0.8398566466418362,0.8447622262588276,0.8374729789158337,0.9719492279458152,0.9956896551724138
balanced,entropy,20.0,2,5,200,0.8495624075776294,0.8545475382386952,0.8469540799971463,0.9723524092373653,0.9949712643678161
balanced,entropy,20.0,2,5,300,0.8519974728862427,0.8595504279502106,0.847871693909514,0.972564043612121,0.9964080459770115
balanced,entropy,20.0,2,10,100,0.8203551559761818,0.8244283951141019,0.8189634576474514,0.9671032687643397,0.9877873563218391
balanced,entropy,20.0,2,10,200,0.8297721518549815,0.8337429010007339,0.8287215726554935,0.9677644750745438,0.9877873563218391
balanced,entropy,20.0,2,10,300,0.8269201217632004,0.8336664145940095,0.8236682919915086,0.9682460755101218,0.9863505747126436
