colsample_bytree,learning_rate,max_depth,n_estimators,subsample,f1_macro_cv,precision_macro_cv,recall_macro_cv,roc_auc_cv,train_accuracy
0.8,0.01,3,100,0.8,0.6826005922957499,0.6874793927340617,0.6954171835274758,0.9058242874701838,0.8060344827586207
0.8,0.01,3,100,1.0,0.6840165814414536,0.6876443727572855,0.6954299460587398,0.9050030040413178,0.8074712643678161
0.8,0.01,3,200,0.8,0.7052530920717431,0.7073375562130929,0.7167127054125711,0.9126423535922527,0.8455459770114943
0.8,0.01,3,200,1.0,0.7036776201804453,0.7063573814536592,0.7148229907197378,0.9099437299967065,0.8433908045977011
0.8,0.01,3,300,0.8,0.7129037939453952,0.7130840334260944,0.7223620492046796,0.9179739573116802,0.8620689655172413
0.8,0.01,3,300,1.0,0.7135945668375607,0.7153360556840158,0.7233322585444543,0.9151963745346341,0.8584770114942529
0.8,0.01,5,100,0.8,0.7598569096075791,0.7595625191450585,0.7734607333627139,0.9397012837036869,0.9152298850574713
0.8,0.01,5,100,1.0,0.753539937328762,0.7541946338786388,0.7670814413059671,0.9371178377025171,0.9116379310344828
0.8,0.01,5,200,0.8,0.7878133372672471,0.78720224771653,0.7972243952669864,0.9475346838662851,0.9317528735632183
0.8,0.01,5,200,1.0,0.7805554128930454,0.7804034079833938,0.791318512510965,0.9439720296440519,0.9295977011494253
0.8,0.01,5,300,0.8,0.8052876522215856,0.8046901594620006,0.8130833393174198,0.9517014084368466,0.9360632183908046
0.8,0.01,5,300,1.0,0.8051491125332072,0.8038127145119667,0.8138414679363255,0.9485234945716592,0.9418103448275862
0.8,0.01,7,100,0.8,0.8162925819413779,0.8141051636457535,0.8249429822152947,0.9581543045540274,0.9604885057471264
0.8,0.01,7,100,1.0,0.8147841680218342,0.8129295561214684,0.8223399432849396,0.9565528823745154,0.9597701149425287
0.8,0.01,7,200,0.8,0.8323691956923792,0.8332065661020265,0.8384233844491661,0.9614405800173605,0.9698275862068966
0.8,0.01,7,200,1.0,0.8270127803489224,0.82543125790654,0.8344495297446649,0.9598214688751042,0.9705459770114943
0.8,0.01,7,300,0.8,0.8395317825429174,0.8398852578166849,0.8465084908321447,0.9632498606191302,0.9798850574712644
0.8,0.01,7,300,1.0,0.8321983634957946,0.8309456084720612,0.8384605620535694,0.9623752597526997,0.978448275862069
0.8,0.1,3,100,0.8,0.7733717781609538,0.7719572059100066,0.781960240086246,0.9397959000343803,0.9238505747126436
0.8,0.1,3,100,1.0,0.7582675792923275,0.7571571015946901,0.7662114407756128,0.9367689662984316,0.9145114942528736
0.8,0.1,3,200,0.8,0.8046790793468921,0.8054873671928899,0.8128138735532003,0.9506974674340863,0.9568965517241379
0.8,0.1,3,200,1.0,0.7869888060704853,0.7856242104454181,0.7942795054187664,0.9488396702025244,0.9489942528735632
0.8,0.1,3,300,0.8,0.8217304924164279,0.8258478607007291,0.8266517979716059,0.9556273032468342,0.9813218390804598
0.8,0.1,3,300,1.0,0.8115009130418891,0.8102655133715307,0.8212025362201505,0.9534062723220782,0.9734195402298851
0.8,0.1,5,100,0.8,0.8507186716962215,0.8503766795743068,0.8560311414210963,0.9634781797174213,0.9892241379310345
0.8,0.1,5,100,1.0,0.839034842737797,0.8402061379513487,0.845397215451991,0.9627113213312437,0.9841954022988506
0.8,0.1,5,200,0.8,0.854762980514758,0.8535710090086225,0.8601262900399925,0.9667225867205869,1.0
0.8,0.1,5,200,1.0,0.8579937132484602,0.8573232922154002,0.8641534254084784,0.9667582217693547,1.0
0.8,0.1,5,300,0.8,0.8533047974368702,0.8518501018551147,0.8594016523588331,0.9666419219705847,1.0
0.8,0.1,5,300,1.0,0.858844434733598,0.8570930706565367,0.866072690928735,0.966954440941467,1.0
0.8,0.1,7,100,0.8,0.8621237405872272,0.8618735878279249,0.8667005283831092,0.9685146277393389,1.0
0.8,0.1,7,100,1.0,0.8515658371119548,0.8518568745248754,0.8553290273723853,0.9670106464696545,1.0
0.8,0.1,7,200,0.8,0.8632488082303927,0.8637321297729448,0.8674405838872723,0.9690845651455767,1.0
0.8,0.1,7,200,1.0,0.8469218395164683,0.8457887318720008,0.8518315047842184,0.9674027972961732,1.0
0.8,0.1,7,300,0.8,0.862231007867651,0.8626319012154819,0.8662432221419649,0.9684772176498868,1.0
0.8,0.1,7,300,1.0,0.850680162289277,0.8495976966845259,0.8551621828258125,0.9671445638775594,1.0
0.8,0.2,3,100,0.8,0.8021813112959155,0.8016395141744891,0.8106996617465742,0.9494119020365392,0.9540229885057471
0.8,0.2,3,100,1.0,0.7931780078916044,0.7945639419252297,0.800941546738532,0.9483932675752721,0.9475574712643678
0.8,0.2,3,200,0.8,0.8324934724592179,0.832939701409553,0.8416266190474179,0.956049884757012,0.992816091954023
0.8,0.2,3,200,1.0,0.8073895656082433,0.806717004100179,0.8154246178750062,0.9544235312795809,0.9892241379310345
0.8,0.2,3,300,0.8,0.8414187489917326,0.8403545930857301,0.8499469364058214,0.9585733678538013,1.0
0.8,0.2,3,300,1.0,0.8360437288771159,0.8362602870479388,0.8415527742459934,0.956679367066448,0.9992816091954023
0.8,0.2,5,100,0.8,0.8575427396321263,0.8564657025199095,0.8646324914310227,0.9676235205963367,1.0
0.8,0.2,5,100,1.0,0.8462138089760007,0.8463497049674377,0.8522431571383582,0.9653802134659838,1.0
0.8,0.2,5,200,0.8,0.8575596235866365,0.8567484782898329,0.8645855527254346,0.9670446558653885,1.0
0.8,0.2,5,200,1.0,0.8536729004090059,0.8530498580368944,0.8593862345358296,0.9660941448555525,1.0
0.8,0.2,5,300,0.8,0.8614433743100243,0.8612944610164629,0.8667377059875128,0.9663579230235089,1.0
0.8,0.2,5,300,1.0,0.8542361143874077,0.8535958000350969,0.8598646153217959,0.9651086801792701,1.0
0.8,0.2,7,100,0.8,0.866348556975445,0.8671027821442866,0.8697458018699449,0.9684194705692339,1.0
0.8,0.2,7,100,1.0,0.8560748424291317,0.8543685598828687,0.8622680826188803,0.9687799808012354,1.0
0.8,0.2,7,200,0.8,0.8655255785614051,0.8657519286295059,0.8698271842737266,0.9676209565956064,1.0
0.8,0.2,7,200,1.0,0.8532194200298269,0.8507132009694761,0.8601782858853937,0.9681455586472968,1.0
0.8,0.2,7,300,0.8,0.8640818281442458,0.8647308641570032,0.8681920384896447,0.9673114302443946,1.0
0.8,0.2,7,300,1.0,0.8532096460390803,0.8506595905758811,0.8599320289902005,0.9671346991578659,1.0
1.0,0.01,3,100,0.8,0.6788358970735693,0.6865421684435883,0.6931434864273878,0.8984202041302476,0.8096264367816092
1.0,0.01,3,100,1.0,0.673932045462569,0.6821752179879658,0.6881397997607304,0.8938581484549039,0.7952586206896551
1.0,0.01,3,200,0.8,0.6998055479104515,0.7020107033069635,0.711303023113593,0.9086272230891866,0.8397988505747126
1.0,0.01,3,200,1.0,0.7032242870053654,0.7057345838281639,0.7174687853618449,0.9043636271859843,0.8333333333333334
1.0,0.01,3,300,0.8,0.7227547960165059,0.7243263615025769,0.7338317995298151,0.9160646063198404,0.8620689655172413
1.0,0.01,3,300,1.0,0.6994861613628107,0.7013048552118288,0.7098183653728367,0.9118052063112245,0.8556034482758621
1.0,0.01,5,100,0.8,0.7417542067240348,0.7445908269129665,0.7584041227305646,0.929535697336136,0.9066091954022989
1.0,0.01,5,100,1.0,0.7133602378263557,0.7151950211753899,0.7307395908574422,0.9199668604428963,0.8872126436781609
1.0,0.01,5,200,0.8,0.7786993455661056,0.7792192518213762,0.7896293222118498,0.9413752557508644,0.9267241379310345
1.0,0.01,5,200,1.0,0.7680070478012688,0.768010058715692,0.7825488547866356,0.9346760790690599,0.9195402298850575
1.0,0.01,5,300,0.8,0.7974360524933546,0.7962495451182823,0.8052310420617925,0.9489893565315597,0.9432471264367817
1.0,0.01,5,300,1.0,0.7895451983713586,0.7876729928730245,0.80172040376392,0.9439779235757643,0.9403735632183908
1.0,0.01,7,100,0.8,0.8055828279179712,0.8025284111199233,0.8183475907128853,0.9490338997544603,0.9525862068965517
1.0,0.01,7,100,1.0,0.7821666241752512,0.7801598514415978,0.7989420369642892,0.9380732977820939,0.9511494252873564
1.0,0.01,7,200,0.8,0.8179764856079469,0.8164527826412631,0.8263804478067971,0.9557517474979725,0.9647988505747126
1.0,0.01,7,200,1.0,0.8043441036013073,0.8006901555319628,0.8162314980257207,0.9485746569086851,0.9676724137931034
1.0,0.01,7,300,0.8,0.828180870452454,0.826781234188305,0.8358706247527163,0.9600785519176162,0.978448275862069
1.0,0.01,7,300,1.0,0.8251387856133074,0.8220899842723559,0.8334363218096253,0.9547389491022447,0.9791666666666666
1.0,0.1,3,100,0.8,0.7713649720281553,0.7694452238238266,0.780003796961586,0.9418769944416747,0.9252873563218391
1.0,0.1,3,100,1.0,0.756782178242958,0.756960459492148,0.7647756131811357,0.9361125588509427,0.9188218390804598
1.0,0.1,3,200,0.8,0.8027554703232452,0.8032331836308529,0.8106470663191672,0.9514447915805657,0.9640804597701149
1.0,0.1,3,200,1.0,0.782970398828539,0.7833952805578225,0.7902325803240418,0.9482971082405743,0.9504310344827587
1.0,0.1,3,300,0.8,0.8215242992579725,0.8220916806377797,0.8299298019713224,0.9566797760657343,0.9841954022988506
1.0,0.1,3,300,1.0,0.800655116870395,0.8022503771329668,0.8068141920004731,0.9530331395702358,0.9741379310344828
1.0,0.1,5,100,0.8,0.844762436704596,0.8456782609854452,0.8503688602685282,0.961158248654608,0.9935344827586207
1.0,0.1,5,100,1.0,0.8278091730015248,0.8290157426568644,0.832788519799817,0.9595066384524962,0.9834770114942529
1.0,0.1,5,200,0.8,0.8578515722464506,0.8582798238030316,0.8629785872956199,0.9651794008031758,1.0
1.0,0.1,5,200,1.0,0.8463590728613493,0.8458847169397616,0.8529902398374956,0.9633414576001174,1.0
1.0,0.1,5,300,0.8,0.8589807062948708,0.8581477533118814,0.8646191222776511,0.9655192631631822,1.0
1.0,0.1,5,300,1.0,0.8511481951761377,0.849388113543464,0.859676696230401,0.9649414255546434,1.0
1.0,0.1,7,100,0.8,0.8557972887959806,0.8550305884322142,0.860534687520387,0.9672902983543544,1.0
1.0,0.1,7,100,1.0,0.8556641208929466,0.8532799349957049,0.8610039924417467,0.9651015417307031,1.0
1.0,0.1,7,200,0.8,0.8579478765881946,0.856621305564229,0.8631209381545828,0.9683206569764122,1.0
1.0,0.1,7,200,1.0,0.8537661059507198,0.8506619660114435,0.8605429995339453,0.9656057204751732,1.0
1.0,0.1,7,300,0.8,0.8590352101340374,0.8568616283980063,0.8645792107670378,0.9679788496126583,1.0
1.0,0.1,7,300,1.0,0.8573830216894869,0.8551495636292543,0.8633952967895728,0.9667099127526306,1.0
1.0,0.2,3,100,0.8,0.7994648003130366,0.8003336254084795,0.80903959048197,0.9484656869366335,0.9583333333333334
1.0,0.2,3,100,1.0,0.7858660844753722,0.7860190351887228,0.7942660576509245,0.9485441253558754,0.9540229885057471
1.0,0.2,3,200,0.8,0.8304740054725389,0.8297327756951113,0.838744249996832,0.9551749304442853,0.9949712643678161
1.0,0.2,3,200,1.0,0.8222643262773982,0.8243315564613584,0.8275630699255767,0.9539917187350744,0.9899425287356322
1.0,0.2,3,300,0.8,0.8460093011663812,0.8473536670349162,0.8525256388775073,0.9569084655308531,1.0
1.0,0.2,3,300,1.0,0.8415334342816255,0.8442428899520156,0.847263964159311,0.9562339485087389,1.0
1.0,0.2,5,100,0.8,0.8569188657023368,0.8553294145289201,0.8646151035528579,0.964112819045716,1.0
1.0,0.2,5,100,1.0,0.85614773476442,0.8536265416513105,0.8622499308896672,0.9668223979922462,1.0
1.0,0.2,5,200,0.8,0.8605462649561385,0.8588048913471029,0.8669839628827057,0.9652880143686208,1.0
1.0,0.2,5,200,1.0,0.8582767801401244,0.8560748806184731,0.8649202978338545,0.9666518164095452,1.0
1.0,0.2,5,300,0.8,0.8547837712781051,0.8528159279665275,0.8612773983162892,0.9642227864918507,1.0
1.0,0.2,5,300,1.0,0.8620628008889598,0.8594630778745114,0.8687165941301508,0.9657957561015549,1.0
1.0,0.2,7,100,0.8,0.8617488758828775,0.8605760949365859,0.8657873649884472,0.9689054270494142,1.0
1.0,0.2,7,100,1.0,0.8548355879258016,0.8514527231358748,0.8615004463424558,0.9664276525681892,1.0
1.0,0.2,7,200,0.8,0.8567871909254764,0.85551734909093,0.8619795909794707,0.9687155698340184,1.0
1.0,0.2,7,200,1.0,0.8603122305190537,0.8590126546863335,0.8655185844608055,0.9665661371019425,1.0
1.0,0.2,7,300,0.8,0.852934090012773,0.8519301628207803,0.8579812425873594,0.9679516879098069,1.0
1.0,0.2,7,300,1.0,0.8625983055871673,0.8608423259896891,0.8678944709856283,0.9657126436771561,1.0
